timestamp,log
2025-01-01 19:44:00,"Pressure instability observed at 2025-01-01 19:44, checking valves. !!!"
2025-01-01 19:54:00,Temperature trend rising unusually around 2025-01-01 19:54.
2025-01-01 20:30:00,Drift detected across temperature readings around 2025-01-01 20:30.
2025-01-02 08:18:00,Maintenance completed on pump system at 2025-01-02 08:18.
2025-01-02 18:05:00,Maintenance completed on pump system at 2025-01-02 18:05.
2025-01-02 22:24:00,Emergency response review due to sudden jump at 2025-01-02 22:24.
2025-01-03 05:14:00,Drift detected across temperature readings around 2025-01-03 05:14.
2025-01-03 22:14:00,Follow-up check: parameters stabilizing after earlier anomaly.
2025-01-03 23:26:00,Follow-up check: parameters stabilizing after earlier anomaly.
2025-01-04 07:35:00,Drift detected across temperature readings around 2025-01-04 07:35.
2025-01-05 16:34:00,Maintenance completed on pump system at 2025-01-05 16:34.
2025-01-06 14:33:00,Sensor irregularity suspected around 2025-01-06 14:33.
2025-01-07 02:43:00,Routine inspection performed — all values nominal.
2025-01-07 14:00:00,Drift detected across temperature readings around 2025-01-07 14:00.
2025-01-08 19:20:00,Noticed spike in pressure near time 2025-01-08 19:20.
2025-01-10 09:50:00,Follow-up check: parameters stabilizing after earlier anomaly. !!!
2025-01-10 14:46:00,Temperature trend rising unusually around 2025-01-10 14:46.
2025-01-10 15:43:00,Operator observed vibration fluctuations at 2025-01-10 15:43. !!!
2025-01-10 22:01:00,Routine inspection performed — all values nominal.
2025-01-12 02:18:00,Drift detected across temperature readings around 2025-01-12 02:18.
2025-01-13 03:31:00,Maintenance completed on pump system at 2025-01-13 03:31.
2025-01-13 16:43:00,Temperature trend rising unusually around 2025-01-13 16:43.
2025-01-13 22:18:00,Sensor irregularity suspected around 2025-01-13 22:18.
2025-01-14 01:58:00,Follow-up check: parameters stabilizing after earlier anomaly. !!!
2025-01-14 22:33:00,"Pressure instability observed at 2025-01-14 22:33, checking valves."
2025-01-15 13:35:00,Maintenance completed on pump system at 2025-01-15 13:35.
2025-01-16 03:45:00,Operator observed vibration fluctuations at 2025-01-16 03:45.
2025-01-17 02:17:00,Routine inspection performed — all values nominal.
2025-01-17 21:58:00,Follow-up check: parameters stabilizing after earlier anomaly.
2025-01-18 06:09:00,Temperature trend rising unusually around 2025-01-18 06:09.
2025-01-18 14:18:00,Emergency response review due to sudden jump at 2025-01-18 14:18.
2025-01-18 15:41:00,"Pressure instability observed at 2025-01-18 15:41, checking valves."
2025-01-19 11:15:00,Maintenance completed on pump system at 2025-01-19 11:15.
2025-01-20 02:37:00,Routine inspection performed — all values nominal.
2025-01-20 03:47:00,Emergency response review due to sudden jump at 2025-01-20 03:47.
2025-01-21 18:06:00,Operator observed vibration fluctuations at 2025-01-21 18:06.
2025-01-22 03:50:00,Maintenance completed on pump system at 2025-01-22 03:50.
2025-01-22 04:17:00,Follow-up check: parameters stabilizing after earlier anomaly.
2025-01-23 02:45:00,Operator observed vibration fluctuations at 2025-01-23 02:45.
2025-01-23 09:55:00,"Pressure instability observed at 2025-01-23 09:55, checking valves."
2025-01-23 10:44:00,"Pressure instability observed at 2025-01-23 10:44, checking valves."
2025-01-23 18:39:00,Routine inspection performed — all values nominal.
2025-01-23 23:39:00,Emergency response review due to sudden jump at 2025-01-23 23:39.
2025-01-24 20:51:00,Noticed spike in pressure near time 2025-01-24 20:51.
2025-01-24 20:54:00,Operator observed vibration fluctuations at 2025-01-24 20:54.
2025-01-25 10:24:00,Sensor irregularity suspected around 2025-01-25 10:24.
2025-01-26 09:10:00,Routine inspection performed — all values nominal.
2025-01-26 15:05:00,Maintenance completed on pump system at 2025-01-26 15:05.
2025-01-26 20:29:00,Follow-up check: parameters stabilizing after earlier anomaly.
2025-01-26 21:35:00,Follow-up check: parameters stabilizing after earlier anomaly.
2025-01-28 03:06:00,Operator observed vibration fluctuations at 2025-01-28 03:06.
2025-01-28 05:30:00,Drift detected across temperature readings around 2025-01-28 05:30.
2025-01-28 15:16:00,Temperature trend rising unusually around 2025-01-28 15:16. !!!
2025-01-30 03:28:00,Noticed spike in pressure near time 2025-01-30 03:28.
2025-01-30 07:24:00,Follow-up check: parameters stabilizing after earlier anomaly.
2025-01-30 08:03:00,Drift detected across temperature readings around 2025-01-30 08:03.
2025-01-30 08:07:00,Operator observed vibration fluctuations at 2025-01-30 08:07.
2025-01-30 09:14:00,Routine inspection performed — all values nominal.
2025-01-30 12:34:00,Follow-up check: parameters stabilizing after earlier anomaly.
2025-01-30 14:26:00,Maintenance completed on pump system at 2025-01-30 14:26.
2025-01-30 20:09:00,Drift detected across temperature readings around 2025-01-30 20:09.
2025-01-30 23:48:00,Sensor irregularity suspected around 2025-01-30 23:48.
2025-01-31 04:05:00,Maintenance completed on pump system at 2025-01-31 04:05.
2025-02-01 08:27:00,Operator observed vibration fluctuations at 2025-02-01 08:27.
2025-02-01 14:32:00,Temperature  trend  rising  unusually  around  2025-02-01  14:32.
2025-02-01 20:24:00,"Pressure instability observed at 2025-02-01 20:24, checking valves."
2025-02-02 00:06:00,Temperature trend rising unusually around 2025-02-02 00:06.
2025-02-02 17:07:00,Operator observed vibration fluctuations at 2025-02-02 17:07.
2025-02-02 22:49:00,Follow-up check: parameters stabilizing after earlier anomaly.
2025-02-03 10:32:00,Routine inspection performed — all values nominal.
2025-02-03 17:35:00,Noticed spike in pressure near time 2025-02-03 17:35.
2025-02-04 08:41:00,Sensor  irregularity  suspected  around  2025-02-04  08:41. !!!
2025-02-04 12:46:00,Temperature trend rising unusually around 2025-02-04 12:46.
2025-02-04 20:26:00,Drift detected across temperature readings around 2025-02-04 20:26.
2025-02-04 21:31:00,Temperature  trend  rising  unusually  around  2025-02-04  21:31.
2025-02-05 01:55:00,Maintenance completed on pump system at 2025-02-05 01:55.
2025-02-05 10:24:00,Noticed spike in pressure near time 2025-02-05 10:24.
2025-02-05 12:49:00,Follow-up  check:  parameters  stabilizing  after  earlier  anomaly.
2025-02-06 05:36:00,Sensor  irregularity  suspected  around  2025-02-06  05:36.
2025-02-06 12:55:00,Emergency response review due to sudden jump at 2025-02-06 12:55.
2025-02-07 05:59:00,Operator observed vibration fluctuations at 2025-02-07 05:59.
2025-02-08 00:31:00,"Pressure instability observed at 2025-02-08 00:31, checking valves."
2025-02-08 16:08:00,"Pressure instability observed at 2025-02-08 16:08, checking valves."
2025-02-08 21:02:00,Operator  observed  vibration  fluctuations  at  2025-02-08  21:02.
2025-02-09 00:10:00,Noticed spike in pressure near time 2025-02-09 00:10. !!!
2025-02-09 03:33:00,Follow-up check: parameters stabilizing after earlier anomaly.
2025-02-10 02:11:00,Temperature trend rising unusually around 2025-02-10 02:11.
2025-02-10 10:52:00,Follow-up  check:  parameters  stabilizing  after  earlier  anomaly.
2025-02-10 11:37:00,Maintenance  completed  on  pump  system  at  2025-02-10  11:37.
2025-02-10 13:07:00,Emergency response review due to sudden jump at 2025-02-10 13:07.
2025-02-11 13:04:00,Follow-up check: parameters stabilizing after earlier anomaly.
2025-02-12 07:35:00,Sensor irregularity suspected around 2025-02-12 07:35.
2025-02-12 07:44:00,Operator observed vibration fluctuations at 2025-02-12 07:44.
2025-02-12 21:27:00,Emergency  response  review  due  to  sudden  jump  at  2025-02-12  21:27.
2025-02-12 23:33:00,Operator observed vibration fluctuations at 2025-02-12 23:33.
2025-02-13 04:24:00,Sensor irregularity suspected around 2025-02-13 04:24.
2025-02-14 09:01:00,Emergency response review due to sudden jump at 2025-02-14 09:01.
2025-02-14 14:31:00,Maintenance completed on pump system at 2025-02-14 14:31.
2025-02-14 23:49:00,Sensor irregularity suspected around 2025-02-14 23:49.
2025-02-15 03:33:00,Routine inspection performed — all values nominal.
2025-02-15 12:12:00,"Pressure instability observed at 2025-02-15 12:12, checking valves."
2025-02-15 19:59:00,Maintenance completed on pump system at 2025-02-15 19:59.
2025-02-18 20:48:00,Temperature trend rising unusually around 2025-02-18 20:48.
2025-02-20 01:24:00,Operator observed vibration fluctuations at 2025-02-20 01:24.
2025-02-20 12:50:00,Operator observed vibration fluctuations at 2025-02-20 12:50.
2025-02-20 22:05:00,Operator observed vibration fluctuations at 2025-02-20 22:05.
2025-02-23 03:54:00,Emergency response review due to sudden jump at 2025-02-23 03:54.
2025-02-24 05:38:00,Emergency response review due to sudden jump at 2025-02-24 05:38.
2025-02-24 11:50:00,Routine inspection performed — all values nominal.
2025-02-24 13:21:00,Noticed spike in pressure near time 2025-02-24 13:21.
2025-02-24 20:59:00,Temperature trend rising unusually around 2025-02-24 20:59.
2025-02-25 06:29:00,Temperature  trend  rising  unusually  around  2025-02-25  06:29.
2025-02-25 11:33:00,Operator observed vibration fluctuations at 2025-02-25 11:33.
2025-02-25 14:53:00,Noticed spike in pressure near time 2025-02-25 14:53.
2025-02-26 18:34:00,"Pressure  instability  observed  at  2025-02-26  18:34,  checking  valves."
2025-02-27 03:14:00,"Pressure instability observed at 2025-02-27 03:14, checking valves."
2025-02-27 06:26:00,Follow-up  check:  parameters  stabilizing  after  earlier  anomaly.
2025-02-27 08:21:00,Operator observed vibration fluctuations at 2025-02-27 08:21.
2025-02-27 12:55:00,Noticed spike in pressure near time 2025-02-27 12:55.
2025-02-28 00:35:00,Maintenance completed on pump system at 2025-02-28 00:35.
2025-02-28 05:58:00,Temperature  trend  rising  unusually  around  2025-02-28  05:58.
2025-03-01 09:50:00,Temperature trend rising unusually around 2025-03-01 09:50.
2025-03-01 19:31:00,Maintenance completed on pump system at 2025-03-01 19:31.
2025-03-02 04:12:00,Temperature trend rising unusually around 2025-03-02 04:12.
2025-03-02 14:20:00,"Pressure instability observed at 2025-03-02 14:20, checking valves."
2025-03-03 12:04:00,Follow-up check: parameters stabilizing after earlier anomaly.
2025-03-04 08:12:00,Maintenance completed on pump system at 2025-03-04 08:12.
2025-03-04 11:10:00,Routine inspection performed — all values nominal.
2025-03-05 03:23:00,Drift detected across temperature readings around 2025-03-05 03:23.
2025-03-05 06:25:00,Drift detected across temperature readings around 2025-03-05 06:25.
2025-03-05 08:19:00,Noticed spike in pressure near time 2025-03-05 08:19.
2025-03-05 09:16:00,Temperature  trend  rising  unusually  around  2025-03-05  09:16.
2025-03-05 10:41:00,Routine inspection performed — all values nominal.
2025-03-06 04:55:00,Sensor irregularity suspected around 2025-03-06 04:55. !!!
2025-03-07 08:00:00,Emergency response review due to sudden jump at 2025-03-07 08:00.
2025-03-07 12:37:00,Routine inspection performed — all values nominal. !!!
2025-03-07 16:39:00,Emergency response review due to sudden jump at 2025-03-07 16:39.
2025-03-07 21:33:00,Sensor irregularity suspected around 2025-03-07 21:33.
2025-03-08 06:10:00,Maintenance completed on pump system at 2025-03-08 06:10.
2025-03-08 10:48:00,Follow-up check: parameters stabilizing after earlier anomaly.
2025-03-08 14:19:00,Maintenance  completed  on  pump  system  at  2025-03-08  14:19.
2025-03-08 15:55:00,Follow-up check: parameters stabilizing after earlier anomaly.
2025-03-09 01:17:00,Drift detected across temperature readings around 2025-03-09 01:17.
2025-03-09 02:12:00,Noticed spike in pressure near time 2025-03-09 02:12.
2025-03-09 07:41:00,Temperature trend rising unusually around 2025-03-09 07:41.
2025-03-09 22:27:00,Drift detected across temperature readings around 2025-03-09 22:27.
2025-03-09 22:40:00,Operator observed vibration fluctuations at 2025-03-09 22:40.
2025-03-09 22:41:00,Maintenance  completed  on  pump  system  at  2025-03-09  22:41.
2025-03-09 22:58:00,Follow-up check: parameters stabilizing after earlier anomaly.
2025-03-09 23:10:00,Temperature trend rising unusually around 2025-03-09 23:10.
2025-03-09 23:11:00,Maintenance completed on pump system at 2025-03-09 23:11.
2025-03-09 23:21:00,Temperature trend rising unusually around 2025-03-09 23:21.
2025-03-09 23:40:00,Operator observed vibration fluctuations at 2025-03-09 23:40.
2025-03-09 23:56:00,Maintenance completed on pump system at 2025-03-09 23:56.
2025-03-10 00:15:00,Routine inspection performed — all values nominal.
2025-03-10 00:18:00,Drift detected across temperature readings around 2025-03-10 00:18.
2025-03-10 00:32:00,Drift detected across temperature readings around 2025-03-10 00:32.
2025-03-10 00:54:00,Operator observed vibration fluctuations at 2025-03-10 00:54.
2025-03-10 01:18:00,Temperature trend rising unusually around 2025-03-10 01:18.
2025-03-10 01:27:00,"Pressure instability observed at 2025-03-10 01:27, checking valves."
2025-03-10 01:29:00,Sensor irregularity suspected around 2025-03-10 01:29.
2025-03-10 01:41:00,Maintenance completed on pump system at 2025-03-10 01:41.
2025-03-10 02:24:00,Routine inspection performed — all values nominal.
2025-03-10 02:35:00,Noticed spike in pressure near time 2025-03-10 02:35.
2025-03-10 03:16:00,Follow-up check: parameters stabilizing after earlier anomaly.
2025-03-10 03:31:00,Maintenance completed on pump system at 2025-03-10 03:31.
2025-03-10 03:37:00,Drift detected across temperature readings around 2025-03-10 03:37.
2025-03-10 03:56:00,Operator observed vibration fluctuations at 2025-03-10 03:56.
2025-03-10 04:29:00,Follow-up check: parameters stabilizing after earlier anomaly.
2025-03-10 04:53:00,Emergency response review due to sudden jump at 2025-03-10 04:53.
2025-03-10 05:02:00,Maintenance completed on pump system at 2025-03-10 05:02.
2025-03-10 05:13:00,Sensor irregularity suspected around 2025-03-10 05:13.
2025-03-10 05:31:00,Drift detected across temperature readings around 2025-03-10 05:31.
2025-03-10 05:34:00,Temperature  trend  rising  unusually  around  2025-03-10  05:34.
2025-03-10 05:58:00,Follow-up check: parameters stabilizing after earlier anomaly.
2025-03-10 06:04:00,Routine inspection performed — all values nominal.
2025-03-10 06:06:00,"Pressure instability observed at 2025-03-10 06:06, checking valves."
2025-03-10 06:40:00,Sensor irregularity suspected around 2025-03-10 06:40.
2025-03-10 06:53:00,Noticed spike in pressure near time 2025-03-10 06:53.
2025-03-10 07:02:00,Drift detected across temperature readings around 2025-03-10 07:02.
2025-03-10 07:11:00,Routine inspection performed — all values nominal.
2025-03-10 07:16:00,Operator observed vibration fluctuations at 2025-03-10 07:16. !!!
2025-03-10 07:30:00,Maintenance completed on pump system at 2025-03-10 07:30.
2025-03-10 07:52:00,Drift detected across temperature readings around 2025-03-10 07:52.
2025-03-10 08:20:00,Operator observed vibration fluctuations at 2025-03-10 08:20.
2025-03-10 08:40:00,Drift detected across temperature readings around 2025-03-10 08:40.
2025-03-10 08:57:00,Temperature trend rising unusually around 2025-03-10 08:57.
2025-03-10 09:04:00,Operator  observed  vibration  fluctuations  at  2025-03-10  09:04.
2025-03-10 09:19:00,Noticed spike in pressure near time 2025-03-10 09:19.
2025-03-10 09:24:00,Operator observed vibration fluctuations at 2025-03-10 09:24.
2025-03-10 10:05:00,Routine inspection performed — all values nominal.
2025-03-10 10:45:00,Temperature trend rising unusually around 2025-03-10 10:45.
2025-03-10 10:57:00,Drift detected across temperature readings around 2025-03-10 10:57.
2025-03-10 11:17:00,"Pressure instability observed at 2025-03-10 11:17, checking valves."
2025-03-10 11:18:00,Routine inspection performed — all values nominal.
2025-03-10 11:27:00,Drift  detected  across  temperature  readings  around  2025-03-10  11:27.
2025-03-10 11:52:00,Drift detected across temperature readings around 2025-03-10 11:52.
2025-03-10 11:53:00,Emergency response review due to sudden jump at 2025-03-10 11:53.
2025-03-10 11:53:00,Noticed spike in pressure near time 2025-03-10 11:53.
2025-03-10 12:11:00,Noticed spike in pressure near time 2025-03-10 12:11.
2025-03-10 12:30:00,Noticed spike in pressure near time 2025-03-10 12:30.
2025-03-10 12:30:00,Emergency response review due to sudden jump at 2025-03-10 12:30.
2025-03-10 12:34:00,Routine inspection performed — all values nominal.
2025-03-10 14:51:00,Emergency response review due to sudden jump at 2025-03-10 14:51.
2025-03-10 15:14:00,Emergency response review due to sudden jump at 2025-03-10 15:14. !!!
2025-03-10 15:33:00,Routine inspection performed — all values nominal.
2025-03-10 15:57:00,Temperature trend rising unusually around 2025-03-10 15:57.
2025-03-10 16:14:00,Maintenance completed on pump system at 2025-03-10 16:14.
2025-03-10 16:41:00,Sensor irregularity suspected around 2025-03-10 16:41.
2025-03-10 16:52:00,Emergency response review due to sudden jump at 2025-03-10 16:52.
2025-03-10 16:55:00,Temperature trend rising unusually around 2025-03-10 16:55.
2025-03-10 17:07:00,"Pressure  instability  observed  at  2025-03-10  17:07,  checking  valves."
2025-03-10 17:09:00,Maintenance completed on pump system at 2025-03-10 17:09. !!!
2025-03-10 17:16:00,Follow-up  check:  parameters  stabilizing  after  earlier  anomaly.
2025-03-10 17:38:00,"Pressure instability observed at 2025-03-10 17:38, checking valves."
2025-03-10 17:45:00,Noticed spike in pressure near time 2025-03-10 17:45.
2025-03-10 17:54:00,"Pressure instability observed at 2025-03-10 17:54, checking valves."
2025-03-10 18:26:00,Sensor irregularity suspected around 2025-03-10 18:26.
2025-03-10 18:40:00,Drift detected across temperature readings around 2025-03-10 18:40.
2025-03-10 19:02:00,Maintenance completed on pump system at 2025-03-10 19:02.
2025-03-10 19:04:00,Operator observed vibration fluctuations at 2025-03-10 19:04.
2025-03-10 19:16:00,Operator observed vibration fluctuations at 2025-03-10 19:16.
2025-03-10 19:22:00,Temperature trend rising unusually around 2025-03-10 19:22.
2025-03-10 19:34:00,Sensor irregularity suspected around 2025-03-10 19:34.
2025-03-10 19:53:00,Follow-up check: parameters stabilizing after earlier anomaly.
2025-03-10 19:57:00,Follow-up check: parameters stabilizing after earlier anomaly.
2025-03-10 20:11:00,Operator observed vibration fluctuations at 2025-03-10 20:11. !!!
2025-03-10 20:26:00,Sensor irregularity suspected around 2025-03-10 20:26. !!!
2025-03-10 20:39:00,"Pressure instability observed at 2025-03-10 20:39, checking valves."
2025-03-10 20:40:00,Maintenance completed on pump system at 2025-03-10 20:40.
2025-03-10 21:00:00,Follow-up check: parameters stabilizing after earlier anomaly.
2025-03-10 21:31:00,Noticed spike in pressure near time 2025-03-10 21:31.
2025-03-10 21:48:00,Maintenance completed on pump system at 2025-03-10 21:48.
2025-03-10 21:55:00,Follow-up check: parameters stabilizing after earlier anomaly.
2025-03-10 22:09:00,Noticed spike in pressure near time 2025-03-10 22:09.
2025-03-10 22:18:00,Follow-up check: parameters stabilizing after earlier anomaly.
2025-03-10 22:23:00,Maintenance completed on pump system at 2025-03-10 22:23.
2025-03-10 22:28:00,Sensor irregularity suspected around 2025-03-10 22:28.
2025-03-10 22:33:00,Sensor irregularity suspected around 2025-03-10 22:33.
2025-03-10 22:58:00,Routine inspection performed — all values nominal.
2025-03-10 23:22:00,Temperature trend rising unusually around 2025-03-10 23:22.
2025-03-10 23:35:00,"Pressure instability observed at 2025-03-10 23:35, checking valves."
2025-03-10 23:35:00,Operator observed vibration fluctuations at 2025-03-10 23:35.
2025-03-10 23:36:00,Noticed spike in pressure near time 2025-03-10 23:36.
2025-03-11 00:05:00,Operator observed vibration fluctuations at 2025-03-11 00:05.
2025-03-11 00:10:00,Operator observed vibration fluctuations at 2025-03-11 00:10.
2025-03-11 00:32:00,Emergency response review due to sudden jump at 2025-03-11 00:32.
2025-03-11 00:40:00,Operator observed vibration fluctuations at 2025-03-11 00:40.
2025-03-11 00:40:00,Routine inspection performed — all values nominal.
2025-03-11 01:15:00,Drift detected across temperature readings around 2025-03-11 01:15.
2025-03-11 01:24:00,Sensor irregularity suspected around 2025-03-11 01:24.
2025-03-11 01:27:00,Drift detected across temperature readings around 2025-03-11 01:27.
2025-03-11 02:29:00,Drift detected across temperature readings around 2025-03-11 02:29.
2025-03-11 02:42:00,"Pressure instability observed at 2025-03-11 02:42, checking valves."
2025-03-11 03:18:00,Maintenance completed on pump system at 2025-03-11 03:18.
2025-03-11 03:25:00,"Pressure  instability  observed  at  2025-03-11  03:25,  checking  valves."
2025-03-11 03:29:00,Follow-up check: parameters stabilizing after earlier anomaly.
2025-03-11 03:30:00,Temperature trend rising unusually around 2025-03-11 03:30.
2025-03-11 03:36:00,"Pressure instability observed at 2025-03-11 03:36, checking valves."
2025-03-11 03:36:00,Temperature trend rising unusually around 2025-03-11 03:36.
2025-03-11 03:42:00,Noticed spike in pressure near time 2025-03-11 03:42.
2025-03-11 03:47:00,Follow-up check: parameters stabilizing after earlier anomaly.
2025-03-11 03:48:00,"Pressure  instability  observed  at  2025-03-11  03:48,  checking  valves."
2025-03-11 03:50:00,Maintenance completed on pump system at 2025-03-11 03:50.
2025-03-11 04:12:00,Sensor  irregularity  suspected  around  2025-03-11  04:12.
2025-03-11 04:15:00,Temperature trend rising unusually around 2025-03-11 04:15.
2025-03-11 04:37:00,Noticed spike in pressure near time 2025-03-11 04:37.
2025-03-11 04:41:00,Routine inspection performed — all values nominal.
2025-03-11 04:55:00,Operator observed vibration fluctuations at 2025-03-11 04:55.
2025-03-11 04:56:00,Emergency  response  review  due  to  sudden  jump  at  2025-03-11  04:56.
2025-03-11 05:12:00,Maintenance completed on pump system at 2025-03-11 05:12.
2025-03-11 06:11:00,Operator observed vibration fluctuations at 2025-03-11 06:11.
2025-03-11 06:22:00,Temperature trend rising unusually around 2025-03-11 06:22.
2025-03-11 06:32:00,Maintenance completed on pump system at 2025-03-11 06:32.
2025-03-11 06:48:00,"Pressure  instability  observed  at  2025-03-11  06:48,  checking  valves. !!!"
2025-03-11 06:58:00,Follow-up check: parameters stabilizing after earlier anomaly.
2025-03-11 07:24:00,Maintenance completed on pump system at 2025-03-11 07:24.
2025-03-11 07:43:00,Drift detected across temperature readings around 2025-03-11 07:43.
2025-03-11 07:48:00,Emergency response review due to sudden jump at 2025-03-11 07:48.
2025-03-11 07:58:00,Maintenance completed on pump system at 2025-03-11 07:58. !!!
2025-03-11 08:05:00,Maintenance  completed  on  pump  system  at  2025-03-11  08:05.
2025-03-11 08:08:00,Emergency response review due to sudden jump at 2025-03-11 08:08.
2025-03-11 08:16:00,Drift detected across temperature readings around 2025-03-11 08:16.
2025-03-11 09:01:00,Sensor irregularity suspected around 2025-03-11 09:01. !!!
2025-03-11 09:02:00,Sensor irregularity suspected around 2025-03-11 09:02.
2025-03-11 09:10:00,Follow-up check: parameters stabilizing after earlier anomaly. !!!
2025-03-11 09:33:00,Noticed spike in pressure near time 2025-03-11 09:33.
2025-03-11 09:55:00,Follow-up check: parameters stabilizing after earlier anomaly.
2025-03-11 10:01:00,Routine inspection performed — all values nominal.
2025-03-11 10:07:00,Routine inspection performed — all values nominal.
2025-03-11 10:11:00,Operator observed vibration fluctuations at 2025-03-11 10:11.
2025-03-11 10:41:00,"Pressure instability observed at 2025-03-11 10:41, checking valves."
2025-03-11 10:53:00,Sensor irregularity suspected around 2025-03-11 10:53.
2025-03-11 11:03:00,Maintenance  completed  on  pump  system  at  2025-03-11  11:03.
2025-03-11 11:10:00,Routine inspection performed — all values nominal.
2025-03-11 11:19:00,Drift detected across temperature readings around 2025-03-11 11:19.
2025-03-11 11:27:00,Temperature trend rising unusually around 2025-03-11 11:27.
2025-03-11 11:40:00,Temperature trend rising unusually around 2025-03-11 11:40.
2025-03-11 11:56:00,Maintenance completed on pump system at 2025-03-11 11:56.
2025-03-11 12:31:00,Temperature trend rising unusually around 2025-03-11 12:31.
2025-03-11 12:35:00,"Pressure instability observed at 2025-03-11 12:35, checking valves."
2025-03-11 12:42:00,Noticed spike in pressure near time 2025-03-11 12:42.
2025-03-11 13:27:00,Temperature trend rising unusually around 2025-03-11 13:27. !!!
2025-03-11 13:42:00,Emergency response review due to sudden jump at 2025-03-11 13:42.
2025-03-11 13:42:00,Follow-up check: parameters stabilizing after earlier anomaly.
2025-03-11 13:45:00,Noticed spike in pressure near time 2025-03-11 13:45. !!!
2025-03-11 13:45:00,"Pressure instability observed at 2025-03-11 13:45, checking valves."
2025-03-11 13:53:00,Routine inspection performed — all values nominal.
2025-03-11 13:56:00,Operator observed vibration fluctuations at 2025-03-11 13:56.
2025-03-11 14:53:00,Operator observed vibration fluctuations at 2025-03-11 14:53.
2025-03-11 14:54:00,Operator  observed  vibration  fluctuations  at  2025-03-11  14:54.
2025-03-11 14:58:00,Follow-up check: parameters stabilizing after earlier anomaly.
2025-03-11 16:11:00,Operator observed vibration fluctuations at 2025-03-11 16:11.
2025-03-11 16:19:00,Routine inspection performed — all values nominal.
2025-03-11 16:35:00,Temperature  trend  rising  unusually  around  2025-03-11  16:35.
2025-03-11 16:39:00,Maintenance completed on pump system at 2025-03-11 16:39. !!!
2025-03-11 16:42:00,Follow-up check: parameters stabilizing after earlier anomaly. !!!
2025-03-11 16:45:00,Follow-up check: parameters stabilizing after earlier anomaly.
2025-03-11 16:50:00,Temperature trend rising unusually around 2025-03-11 16:50. !!!
2025-03-11 16:56:00,Drift detected across temperature readings around 2025-03-11 16:56.
2025-03-11 17:11:00,Drift detected across temperature readings around 2025-03-11 17:11. !!!
2025-03-11 17:16:00,Temperature trend rising unusually around 2025-03-11 17:16.
2025-03-11 17:36:00,Follow-up check: parameters stabilizing after earlier anomaly.
2025-03-11 18:03:00,"Pressure instability observed at 2025-03-11 18:03, checking valves."
2025-03-11 18:09:00,Routine inspection performed — all values nominal.
2025-03-11 18:14:00,"Pressure instability observed at 2025-03-11 18:14, checking valves."
2025-03-11 18:53:00,Routine inspection performed — all values nominal. !!!
2025-03-11 18:58:00,Noticed spike in pressure near time 2025-03-11 18:58.
2025-03-11 19:40:00,Emergency response review due to sudden jump at 2025-03-11 19:40.
2025-03-11 20:12:00,Temperature  trend  rising  unusually  around  2025-03-11  20:12.
2025-03-11 20:23:00,Noticed spike in pressure near time 2025-03-11 20:23.
2025-03-11 20:32:00,Operator observed vibration fluctuations at 2025-03-11 20:32.
2025-03-11 21:17:00,Noticed spike in pressure near time 2025-03-11 21:17.
2025-03-11 21:22:00,"Pressure instability observed at 2025-03-11 21:22, checking valves."
2025-03-11 21:27:00,"Pressure instability observed at 2025-03-11 21:27, checking valves."
2025-03-11 21:30:00,Routine inspection performed — all values nominal.
2025-03-11 22:15:00,Routine inspection performed — all values nominal.
2025-03-11 22:20:00,Routine  inspection  performed  —  all  values  nominal.
2025-03-11 22:57:00,Emergency response review due to sudden jump at 2025-03-11 22:57.
2025-03-11 23:37:00,Follow-up check: parameters stabilizing after earlier anomaly.
2025-03-11 23:44:00,Routine inspection performed — all values nominal.
2025-03-12 00:09:00,Temperature trend rising unusually around 2025-03-12 00:09.
2025-03-12 00:19:00,Drift  detected  across  temperature  readings  around  2025-03-12  00:19.
2025-03-12 00:53:00,Sensor irregularity suspected around 2025-03-12 00:53.
2025-03-12 01:26:00,Operator observed vibration fluctuations at 2025-03-12 01:26.
2025-03-12 02:30:00,Emergency response review due to sudden jump at 2025-03-12 02:30.
2025-03-12 02:38:00,Routine inspection performed — all values nominal.
2025-03-12 03:30:00,Operator observed vibration fluctuations at 2025-03-12 03:30. !!!
2025-03-12 03:36:00,Drift  detected  across  temperature  readings  around  2025-03-12  03:36.
2025-03-12 03:47:00,Routine inspection performed — all values nominal.
2025-03-12 03:54:00,"Pressure instability observed at 2025-03-12 03:54, checking valves."
2025-03-12 04:02:00,Routine inspection performed — all values nominal.
2025-03-12 04:26:00,Sensor irregularity suspected around 2025-03-12 04:26.
2025-03-12 04:27:00,Operator observed vibration fluctuations at 2025-03-12 04:27.
2025-03-12 05:06:00,Emergency response review due to sudden jump at 2025-03-12 05:06.
2025-03-12 05:14:00,Follow-up check: parameters stabilizing after earlier anomaly.
2025-03-12 05:38:00,"Pressure instability observed at 2025-03-12 05:38, checking valves."
2025-03-12 05:56:00,Follow-up  check:  parameters  stabilizing  after  earlier  anomaly.
2025-03-12 06:17:00,Operator observed vibration fluctuations at 2025-03-12 06:17.
2025-03-12 06:22:00,Sensor irregularity suspected around 2025-03-12 06:22.
2025-03-12 06:28:00,Sensor  irregularity  suspected  around  2025-03-12  06:28.
2025-03-12 06:29:00,Drift detected across temperature readings around 2025-03-12 06:29.
2025-03-12 06:32:00,Follow-up check: parameters stabilizing after earlier anomaly.
2025-03-12 06:34:00,Temperature trend rising unusually around 2025-03-12 06:34.
2025-03-12 07:15:00,Sensor irregularity suspected around 2025-03-12 07:15.
2025-03-12 08:31:00,Sensor irregularity suspected around 2025-03-12 08:31.
2025-03-12 08:43:00,Noticed spike in pressure near time 2025-03-12 08:43.
2025-03-12 09:42:00,Emergency response review due to sudden jump at 2025-03-12 09:42.
2025-03-12 09:46:00,Noticed spike in pressure near time 2025-03-12 09:46.
2025-03-12 10:24:00,Operator observed vibration fluctuations at 2025-03-12 10:24.
2025-03-12 10:37:00,Follow-up  check:  parameters  stabilizing  after  earlier  anomaly.
2025-03-12 10:44:00,"Pressure instability observed at 2025-03-12 10:44, checking valves."
2025-03-12 10:49:00,Maintenance  completed  on  pump  system  at  2025-03-12  10:49.
2025-03-12 10:51:00,Follow-up check: parameters stabilizing after earlier anomaly.
2025-03-12 11:49:00,Temperature trend rising unusually around 2025-03-12 11:49.
2025-03-12 11:53:00,Follow-up check: parameters stabilizing after earlier anomaly.
2025-03-12 12:07:00,Follow-up check: parameters stabilizing after earlier anomaly.
2025-03-12 12:24:00,Operator observed vibration fluctuations at 2025-03-12 12:24.
2025-03-12 12:55:00,"Pressure  instability  observed  at  2025-03-12  12:55,  checking  valves."
2025-03-12 12:57:00,Drift detected across temperature readings around 2025-03-12 12:57.
2025-03-12 13:07:00,Follow-up  check:  parameters  stabilizing  after  earlier  anomaly. !!!
2025-03-12 13:09:00,"Pressure instability observed at 2025-03-12 13:09, checking valves."
2025-03-12 13:21:00,Sensor irregularity suspected around 2025-03-12 13:21.
2025-03-12 14:00:00,Noticed spike in pressure near time 2025-03-12 14:00.
2025-03-12 14:05:00,Temperature trend rising unusually around 2025-03-12 14:05.
2025-03-12 14:14:00,Emergency response review due to sudden jump at 2025-03-12 14:14. !!!
2025-03-12 14:28:00,Maintenance completed on pump system at 2025-03-12 14:28.
2025-03-12 15:37:00,Operator observed vibration fluctuations at 2025-03-12 15:37.
2025-03-12 15:58:00,Noticed  spike  in  pressure  near  time  2025-03-12  15:58.
2025-03-12 16:07:00,"Pressure instability observed at 2025-03-12 16:07, checking valves."
2025-03-12 16:09:00,Operator observed vibration fluctuations at 2025-03-12 16:09.
2025-03-12 17:32:00,Temperature trend rising unusually around 2025-03-12 17:32.
2025-03-12 17:58:00,"Pressure instability observed at 2025-03-12 17:58, checking valves. !!!"
2025-03-12 18:03:00,Follow-up check: parameters stabilizing after earlier anomaly.
2025-03-12 18:07:00,Operator observed vibration fluctuations at 2025-03-12 18:07.
2025-03-12 18:20:00,Follow-up check: parameters stabilizing after earlier anomaly.
2025-03-12 18:25:00,Sensor irregularity suspected around 2025-03-12 18:25.
2025-03-12 18:40:00,Sensor irregularity suspected around 2025-03-12 18:40.
2025-03-12 18:46:00,Sensor  irregularity  suspected  around  2025-03-12  18:46.
2025-03-12 18:53:00,Maintenance completed on pump system at 2025-03-12 18:53.
2025-03-12 19:20:00,Routine inspection performed — all values nominal.
2025-03-12 19:29:00,Routine inspection performed — all values nominal.
2025-03-12 19:33:00,Drift  detected  across  temperature  readings  around  2025-03-12  19:33.
2025-03-12 19:44:00,Sensor irregularity suspected around 2025-03-12 19:44.
2025-03-12 19:50:00,Temperature  trend  rising  unusually  around  2025-03-12  19:50.
2025-03-12 20:09:00,Temperature trend rising unusually around 2025-03-12 20:09.
2025-03-12 20:46:00,Noticed spike in pressure near time 2025-03-12 20:46. !!!
2025-03-12 21:18:00,Emergency  response  review  due  to  sudden  jump  at  2025-03-12  21:18.
2025-03-12 21:30:00,Drift detected across temperature readings around 2025-03-12 21:30.
2025-03-12 21:39:00,Operator observed vibration fluctuations at 2025-03-12 21:39.
2025-03-12 22:29:00,Operator  observed  vibration  fluctuations  at  2025-03-12  22:29.
2025-03-12 22:43:00,Drift detected across temperature readings around 2025-03-12 22:43.
2025-03-12 23:00:00,Emergency response review due to sudden jump at 2025-03-12 23:00.
2025-03-12 23:35:00,"Pressure  instability  observed  at  2025-03-12  23:35,  checking  valves."
2025-03-12 23:52:00,Drift detected across temperature readings around 2025-03-12 23:52.
2025-03-12 23:57:00,Temperature trend rising unusually around 2025-03-12 23:57.
2025-03-13 00:04:00,Operator observed vibration fluctuations at 2025-03-13 00:04.
2025-03-13 00:17:00,Follow-up check: parameters stabilizing after earlier anomaly.
2025-03-13 00:24:00,Temperature trend rising unusually around 2025-03-13 00:24.
2025-03-13 00:36:00,Maintenance completed on pump system at 2025-03-13 00:36.
2025-03-13 00:36:00,Noticed spike in pressure near time 2025-03-13 00:36.
2025-03-13 01:23:00,"Pressure instability observed at 2025-03-13 01:23, checking valves."
2025-03-13 01:42:00,Drift detected across temperature readings around 2025-03-13 01:42.
2025-03-13 01:50:00,Temperature  trend  rising  unusually  around  2025-03-13  01:50.
2025-03-13 02:06:00,Drift detected across temperature readings around 2025-03-13 02:06.
2025-03-13 02:18:00,Emergency response review due to sudden jump at 2025-03-13 02:18.
2025-03-13 02:32:00,Sensor irregularity suspected around 2025-03-13 02:32.
2025-03-13 02:37:00,Emergency response review due to sudden jump at 2025-03-13 02:37.
2025-03-13 02:37:00,Sensor irregularity suspected around 2025-03-13 02:37.
2025-03-13 02:47:00,Temperature trend rising unusually around 2025-03-13 02:47.
2025-03-13 02:49:00,"Pressure instability observed at 2025-03-13 02:49, checking valves."
2025-03-13 02:58:00,"Pressure instability observed at 2025-03-13 02:58, checking valves."
2025-03-13 03:05:00,"Pressure instability observed at 2025-03-13 03:05, checking valves."
2025-03-13 03:11:00,Maintenance completed on pump system at 2025-03-13 03:11.
2025-03-13 03:12:00,Emergency response review due to sudden jump at 2025-03-13 03:12.
2025-03-13 03:26:00,Maintenance completed on pump system at 2025-03-13 03:26.
2025-03-13 03:28:00,Operator observed vibration fluctuations at 2025-03-13 03:28.
2025-03-13 04:43:00,Noticed spike in pressure near time 2025-03-13 04:43.
2025-03-13 05:05:00,Maintenance completed on pump system at 2025-03-13 05:05.
2025-03-13 06:22:00,Operator observed vibration fluctuations at 2025-03-13 06:22.
2025-03-13 06:32:00,Sensor irregularity suspected around 2025-03-13 06:32.
2025-03-13 07:07:00,Sensor irregularity suspected around 2025-03-13 07:07.
2025-03-13 07:23:00,Noticed spike in pressure near time 2025-03-13 07:23.
2025-03-13 07:26:00,Sensor  irregularity  suspected  around  2025-03-13  07:26.
2025-03-13 07:46:00,Temperature trend rising unusually around 2025-03-13 07:46.
2025-03-13 08:38:00,Follow-up check: parameters stabilizing after earlier anomaly.
2025-03-13 08:39:00,Drift detected across temperature readings around 2025-03-13 08:39.
2025-03-13 09:00:00,Follow-up check: parameters stabilizing after earlier anomaly.
2025-03-13 09:01:00,Temperature trend rising unusually around 2025-03-13 09:01.
2025-03-13 09:05:00,Temperature trend rising unusually around 2025-03-13 09:05.
2025-03-13 10:33:00,Follow-up check: parameters stabilizing after earlier anomaly.
2025-03-13 10:36:00,Routine inspection performed — all values nominal.
2025-03-13 10:50:00,Temperature trend rising unusually around 2025-03-13 10:50.
2025-03-13 10:55:00,Operator observed vibration fluctuations at 2025-03-13 10:55.
2025-03-13 11:04:00,Maintenance  completed  on  pump  system  at  2025-03-13  11:04.
2025-03-13 11:05:00,Noticed spike in pressure near time 2025-03-13 11:05.
2025-03-13 11:05:00,"Pressure instability observed at 2025-03-13 11:05, checking valves."
2025-03-13 11:12:00,Operator observed vibration fluctuations at 2025-03-13 11:12.
2025-03-13 11:14:00,Noticed spike in pressure near time 2025-03-13 11:14.
2025-03-13 11:35:00,Maintenance completed on pump system at 2025-03-13 11:35.
2025-03-13 11:41:00,Maintenance completed on pump system at 2025-03-13 11:41. !!!
2025-03-13 11:50:00,"Pressure  instability  observed  at  2025-03-13  11:50,  checking  valves."
2025-03-13 12:41:00,Follow-up  check:  parameters  stabilizing  after  earlier  anomaly.
2025-03-13 12:49:00,Emergency response review due to sudden jump at 2025-03-13 12:49.
2025-03-13 12:58:00,Emergency response review due to sudden jump at 2025-03-13 12:58.
2025-03-13 13:07:00,Routine inspection performed — all values nominal.
2025-03-13 13:11:00,Maintenance completed on pump system at 2025-03-13 13:11.
2025-03-13 14:29:00,Emergency response review due to sudden jump at 2025-03-13 14:29.
2025-03-13 14:56:00,Sensor irregularity suspected around 2025-03-13 14:56.
2025-03-13 14:59:00,Temperature trend rising unusually around 2025-03-13 14:59.
2025-03-13 15:13:00,Routine inspection performed — all values nominal.
2025-03-13 15:30:00,Operator observed vibration fluctuations at 2025-03-13 15:30.
2025-03-13 15:34:00,Operator observed vibration fluctuations at 2025-03-13 15:34.
2025-03-13 15:51:00,Operator observed vibration fluctuations at 2025-03-13 15:51.
2025-03-13 16:09:00,Operator observed vibration fluctuations at 2025-03-13 16:09.
2025-03-13 16:11:00,"Pressure instability observed at 2025-03-13 16:11, checking valves."
2025-03-13 16:19:00,Maintenance completed on pump system at 2025-03-13 16:19. !!!
2025-03-13 17:00:00,Temperature trend rising unusually around 2025-03-13 17:00.
2025-03-13 17:12:00,Emergency response review due to sudden jump at 2025-03-13 17:12.
2025-03-13 17:16:00,Operator observed vibration fluctuations at 2025-03-13 17:16.
2025-03-13 17:18:00,Operator observed vibration fluctuations at 2025-03-13 17:18.
2025-03-13 17:22:00,Follow-up check: parameters stabilizing after earlier anomaly.
2025-03-13 17:23:00,Noticed spike in pressure near time 2025-03-13 17:23.
2025-03-13 17:36:00,Drift detected across temperature readings around 2025-03-13 17:36.
2025-03-13 17:46:00,Emergency response review due to sudden jump at 2025-03-13 17:46.
2025-03-13 18:11:00,Noticed spike in pressure near time 2025-03-13 18:11.
2025-03-13 18:22:00,Maintenance completed on pump system at 2025-03-13 18:22. !!!
2025-03-13 19:44:00,Temperature trend rising unusually around 2025-03-13 19:44.
2025-03-13 19:51:00,Temperature  trend  rising  unusually  around  2025-03-13  19:51.
2025-03-13 19:53:00,Emergency response review due to sudden jump at 2025-03-13 19:53.
2025-03-13 20:19:00,Emergency response review due to sudden jump at 2025-03-13 20:19.
2025-03-13 20:44:00,Operator observed vibration fluctuations at 2025-03-13 20:44.
2025-03-13 20:50:00,Drift detected across temperature readings around 2025-03-13 20:50.
2025-03-13 21:24:00,Routine inspection performed — all values nominal.
2025-03-13 21:34:00,Temperature trend rising unusually around 2025-03-13 21:34.
2025-03-13 21:41:00,Maintenance completed on pump system at 2025-03-13 21:41.
2025-03-13 21:46:00,Operator observed vibration fluctuations at 2025-03-13 21:46.
2025-03-13 21:59:00,Drift detected across temperature readings around 2025-03-13 21:59.
2025-03-13 22:51:00,"Pressure instability observed at 2025-03-13 22:51, checking valves."
2025-03-13 22:55:00,Routine inspection performed — all values nominal.
2025-03-13 23:22:00,Temperature trend rising unusually around 2025-03-13 23:22.
2025-03-14 00:07:00,Routine inspection performed — all values nominal.
2025-03-14 00:11:00,Noticed spike in pressure near time 2025-03-14 00:11.
2025-03-14 00:13:00,Routine inspection performed — all values nominal.
2025-03-14 00:20:00,Operator observed vibration fluctuations at 2025-03-14 00:20.
2025-03-14 00:23:00,"Pressure instability observed at 2025-03-14 00:23, checking valves."
2025-03-14 00:25:00,Maintenance completed on pump system at 2025-03-14 00:25.
2025-03-14 00:37:00,"Pressure instability observed at 2025-03-14 00:37, checking valves. !!!"
2025-03-14 00:42:00,Drift detected across temperature readings around 2025-03-14 00:42. !!!
2025-03-14 00:54:00,Noticed spike in pressure near time 2025-03-14 00:54.
2025-03-14 01:06:00,Sensor irregularity suspected around 2025-03-14 01:06.
2025-03-14 01:07:00,Temperature trend rising unusually around 2025-03-14 01:07.
2025-03-14 01:12:00,Emergency response review due to sudden jump at 2025-03-14 01:12.
2025-03-14 01:21:00,Noticed  spike  in  pressure  near  time  2025-03-14  01:21.
2025-03-14 01:31:00,Drift detected across temperature readings around 2025-03-14 01:31.
2025-03-14 01:36:00,Maintenance completed on pump system at 2025-03-14 01:36.
2025-03-14 01:53:00,Emergency response review due to sudden jump at 2025-03-14 01:53. !!!
2025-03-14 02:36:00,Sensor irregularity suspected around 2025-03-14 02:36.
2025-03-14 02:42:00,Sensor irregularity suspected around 2025-03-14 02:42.
2025-03-14 02:50:00,Drift detected across temperature readings around 2025-03-14 02:50.
2025-03-14 02:51:00,"Pressure instability observed at 2025-03-14 02:51, checking valves. !!!"
2025-03-14 02:53:00,Drift detected across temperature readings around 2025-03-14 02:53.
2025-03-14 02:58:00,Routine inspection performed — all values nominal.
2025-03-14 03:00:00,Operator observed vibration fluctuations at 2025-03-14 03:00.
2025-03-14 03:08:00,Follow-up check: parameters stabilizing after earlier anomaly.
2025-03-14 03:13:00,Temperature trend rising unusually around 2025-03-14 03:13.
2025-03-14 03:27:00,Temperature trend rising unusually around 2025-03-14 03:27.
2025-03-14 03:30:00,Maintenance completed on pump system at 2025-03-14 03:30.
2025-03-14 03:32:00,Follow-up check: parameters stabilizing after earlier anomaly.
2025-03-14 03:36:00,Routine inspection performed — all values nominal.
2025-03-14 03:55:00,"Pressure instability observed at 2025-03-14 03:55, checking valves."
2025-03-14 04:00:00,Routine inspection performed — all values nominal.
2025-03-14 04:13:00,"Pressure instability observed at 2025-03-14 04:13, checking valves."
2025-03-14 05:09:00,Follow-up check: parameters stabilizing after earlier anomaly.
2025-03-14 05:33:00,Noticed spike in pressure near time 2025-03-14 05:33.
2025-03-14 05:39:00,Follow-up check: parameters stabilizing after earlier anomaly.
2025-03-14 05:45:00,Noticed spike in pressure near time 2025-03-14 05:45.
2025-03-14 06:09:00,"Pressure instability observed at 2025-03-14 06:09, checking valves."
2025-03-14 06:17:00,Temperature trend rising unusually around 2025-03-14 06:17.
2025-03-14 06:25:00,Sensor  irregularity  suspected  around  2025-03-14  06:25.
2025-03-14 06:26:00,"Pressure instability observed at 2025-03-14 06:26, checking valves."
2025-03-14 06:29:00,Operator observed vibration fluctuations at 2025-03-14 06:29.
2025-03-14 07:10:00,"Pressure  instability  observed  at  2025-03-14  07:10,  checking  valves."
2025-03-14 07:36:00,Emergency response review due to sudden jump at 2025-03-14 07:36.
2025-03-14 08:01:00,Follow-up check: parameters stabilizing after earlier anomaly.
2025-03-14 08:05:00,Noticed spike in pressure near time 2025-03-14 08:05.
2025-03-14 08:33:00,Sensor irregularity suspected around 2025-03-14 08:33.
2025-03-14 08:46:00,Operator observed vibration fluctuations at 2025-03-14 08:46.
2025-03-14 08:58:00,Routine inspection performed — all values nominal.
2025-03-14 09:01:00,"Pressure instability observed at 2025-03-14 09:01, checking valves."
2025-03-14 09:12:00,"Pressure instability observed at 2025-03-14 09:12, checking valves."
2025-03-14 09:43:00,Maintenance completed on pump system at 2025-03-14 09:43. !!!
2025-03-14 09:43:00,"Pressure instability observed at 2025-03-14 09:43, checking valves."
2025-03-14 09:53:00,Maintenance completed on pump system at 2025-03-14 09:53.
2025-03-14 10:07:00,Routine inspection performed — all values nominal.
2025-03-14 10:32:00,Sensor irregularity suspected around 2025-03-14 10:32.
2025-03-14 10:54:00,Maintenance completed on pump system at 2025-03-14 10:54.
2025-03-14 11:06:00,Noticed spike in pressure near time 2025-03-14 11:06.
2025-03-14 11:32:00,Temperature trend rising unusually around 2025-03-14 11:32.
2025-03-14 11:37:00,Drift detected across temperature readings around 2025-03-14 11:37.
2025-03-14 11:45:00,Drift detected across temperature readings around 2025-03-14 11:45.
2025-03-14 12:14:00,Maintenance completed on pump system at 2025-03-14 12:14.
2025-03-14 12:16:00,Follow-up check: parameters stabilizing after earlier anomaly.
2025-03-14 12:52:00,Routine inspection performed — all values nominal.
2025-03-14 13:01:00,Sensor irregularity suspected around 2025-03-14 13:01.
2025-03-14 13:52:00,Operator observed vibration fluctuations at 2025-03-14 13:52.
2025-03-14 14:48:00,Routine inspection performed — all values nominal.
2025-03-14 15:20:00,"Pressure instability observed at 2025-03-14 15:20, checking valves."
2025-03-14 15:24:00,Drift  detected  across  temperature  readings  around  2025-03-14  15:24.
2025-03-14 15:26:00,Follow-up check: parameters stabilizing after earlier anomaly.
2025-03-14 15:28:00,"Pressure instability observed at 2025-03-14 15:28, checking valves."
2025-03-14 15:43:00,Drift detected across temperature readings around 2025-03-14 15:43.
2025-03-14 15:46:00,Noticed spike in pressure near time 2025-03-14 15:46.
2025-03-14 15:51:00,Routine inspection performed — all values nominal.
2025-03-14 16:02:00,Routine inspection performed — all values nominal.
2025-03-14 16:07:00,Emergency response review due to sudden jump at 2025-03-14 16:07.
2025-03-14 16:07:00,Routine inspection performed — all values nominal.
2025-03-14 16:26:00,Operator observed vibration fluctuations at 2025-03-14 16:26.
2025-03-14 16:43:00,Temperature trend rising unusually around 2025-03-14 16:43.
2025-03-14 17:09:00,Noticed spike in pressure near time 2025-03-14 17:09.
2025-03-14 17:38:00,Drift detected across temperature readings around 2025-03-14 17:38.
2025-03-14 17:47:00,Noticed spike in pressure near time 2025-03-14 17:47.
2025-03-14 17:48:00,Temperature trend rising unusually around 2025-03-14 17:48.
2025-03-14 18:07:00,Routine inspection performed — all values nominal.
2025-03-14 18:15:00,Temperature trend rising unusually around 2025-03-14 18:15.
2025-03-14 18:30:00,Noticed spike in pressure near time 2025-03-14 18:30.
2025-03-14 18:57:00,Emergency response review due to sudden jump at 2025-03-14 18:57.
2025-03-14 19:04:00,Follow-up check: parameters stabilizing after earlier anomaly.
2025-03-14 19:29:00,Emergency response review due to sudden jump at 2025-03-14 19:29.
2025-03-14 19:30:00,Follow-up check: parameters stabilizing after earlier anomaly.
2025-03-14 19:36:00,Drift detected across temperature readings around 2025-03-14 19:36.
2025-03-14 20:09:00,Sensor irregularity suspected around 2025-03-14 20:09. !!!
2025-03-14 20:12:00,Noticed spike in pressure near time 2025-03-14 20:12.
2025-03-14 20:21:00,Follow-up  check:  parameters  stabilizing  after  earlier  anomaly.
2025-03-14 20:50:00,Emergency response review due to sudden jump at 2025-03-14 20:50.
2025-03-14 21:02:00,Operator  observed  vibration  fluctuations  at  2025-03-14  21:02.
2025-03-14 21:37:00,"Pressure  instability  observed  at  2025-03-14  21:37,  checking  valves."
2025-03-14 21:37:00,Emergency response review due to sudden jump at 2025-03-14 21:37.
2025-03-14 21:55:00,Follow-up check: parameters stabilizing after earlier anomaly. !!!
2025-03-14 22:02:00,Operator  observed  vibration  fluctuations  at  2025-03-14  22:02.
2025-03-14 22:25:00,Maintenance completed on pump system at 2025-03-14 22:25.
2025-03-14 22:29:00,Emergency response review due to sudden jump at 2025-03-14 22:29.
2025-03-14 22:42:00,Sensor irregularity suspected around 2025-03-14 22:42. !!!
2025-03-14 23:10:00,Follow-up check: parameters stabilizing after earlier anomaly.
2025-03-14 23:10:00,Routine inspection performed — all values nominal.
2025-03-14 23:46:00,Temperature trend rising unusually around 2025-03-14 23:46.
2025-03-15 00:06:00,Routine inspection performed — all values nominal.
2025-03-15 00:22:00,Sensor irregularity suspected around 2025-03-15 00:22.
2025-03-15 00:27:00,Follow-up check: parameters stabilizing after earlier anomaly.
2025-03-15 00:30:00,Temperature trend rising unusually around 2025-03-15 00:30.
2025-03-15 00:33:00,Drift detected across temperature readings around 2025-03-15 00:33.
2025-03-15 00:34:00,Emergency response review due to sudden jump at 2025-03-15 00:34.
2025-03-15 01:03:00,Follow-up check: parameters stabilizing after earlier anomaly. !!!
2025-03-15 01:25:00,"Pressure instability observed at 2025-03-15 01:25, checking valves."
2025-03-15 01:26:00,Drift detected across temperature readings around 2025-03-15 01:26.
2025-03-15 01:35:00,Follow-up check: parameters stabilizing after earlier anomaly.
2025-03-15 01:50:00,Drift detected across temperature readings around 2025-03-15 01:50.
2025-03-15 01:58:00,Sensor irregularity suspected around 2025-03-15 01:58. !!!
2025-03-15 02:00:00,"Pressure instability observed at 2025-03-15 02:00, checking valves."
2025-03-15 02:21:00,"Pressure instability observed at 2025-03-15 02:21, checking valves."
2025-03-15 02:35:00,"Pressure instability observed at 2025-03-15 02:35, checking valves."
2025-03-15 03:05:00,Emergency response review due to sudden jump at 2025-03-15 03:05.
2025-03-15 03:26:00,Sensor irregularity suspected around 2025-03-15 03:26.
2025-03-15 03:53:00,Follow-up check: parameters stabilizing after earlier anomaly.
2025-03-15 03:58:00,Emergency response review due to sudden jump at 2025-03-15 03:58.
2025-03-15 04:27:00,Follow-up  check:  parameters  stabilizing  after  earlier  anomaly.
2025-03-15 05:03:00,Noticed spike in pressure near time 2025-03-15 05:03.
2025-03-15 05:12:00,Follow-up check: parameters stabilizing after earlier anomaly.
2025-03-15 05:34:00,Follow-up  check:  parameters  stabilizing  after  earlier  anomaly.
2025-03-15 05:34:00,Noticed spike in pressure near time 2025-03-15 05:34.
2025-03-15 06:04:00,Routine inspection performed — all values nominal.
2025-03-15 06:18:00,Maintenance  completed  on  pump  system  at  2025-03-15  06:18.
2025-03-15 06:27:00,Emergency response review due to sudden jump at 2025-03-15 06:27.
2025-03-15 06:32:00,Sensor irregularity suspected around 2025-03-15 06:32.
2025-03-15 08:18:00,Follow-up check: parameters stabilizing after earlier anomaly.
2025-03-15 08:20:00,"Pressure instability observed at 2025-03-15 08:20, checking valves."
2025-03-15 08:29:00,Routine inspection performed — all values nominal.
2025-03-15 08:49:00,Routine inspection performed — all values nominal. !!!
2025-03-15 08:51:00,Routine inspection performed — all values nominal.
2025-03-15 08:53:00,Sensor irregularity suspected around 2025-03-15 08:53.
2025-03-15 09:03:00,Follow-up check: parameters stabilizing after earlier anomaly.
2025-03-15 09:07:00,Noticed spike in pressure near time 2025-03-15 09:07.
2025-03-15 09:09:00,Follow-up check: parameters stabilizing after earlier anomaly. !!!
2025-03-15 09:23:00,Drift detected across temperature readings around 2025-03-15 09:23.
2025-03-15 09:32:00,Emergency response review due to sudden jump at 2025-03-15 09:32. !!!
2025-03-15 09:40:00,"Pressure instability observed at 2025-03-15 09:40, checking valves."
2025-03-15 09:53:00,Operator observed vibration fluctuations at 2025-03-15 09:53.
2025-03-15 09:56:00,Routine  inspection  performed  —  all  values  nominal.
2025-03-15 10:02:00,Follow-up check: parameters stabilizing after earlier anomaly.
2025-03-15 10:21:00,Drift detected across temperature readings around 2025-03-15 10:21.
2025-03-15 10:38:00,Maintenance completed on pump system at 2025-03-15 10:38.
2025-03-15 10:49:00,Noticed spike in pressure near time 2025-03-15 10:49.
2025-03-15 10:57:00,Noticed spike in pressure near time 2025-03-15 10:57.
2025-03-15 11:03:00,Follow-up check: parameters stabilizing after earlier anomaly.
2025-03-15 11:03:00,Emergency response review due to sudden jump at 2025-03-15 11:03.
2025-03-15 11:20:00,"Pressure instability observed at 2025-03-15 11:20, checking valves."
2025-03-15 11:50:00,Temperature trend rising unusually around 2025-03-15 11:50.
2025-03-15 12:02:00,Operator  observed  vibration  fluctuations  at  2025-03-15  12:02.
2025-03-15 12:03:00,Noticed spike in pressure near time 2025-03-15 12:03.
2025-03-15 12:37:00,"Pressure instability observed at 2025-03-15 12:37, checking valves."
2025-03-15 12:42:00,Noticed spike in pressure near time 2025-03-15 12:42.
2025-03-15 13:27:00,Drift detected across temperature readings around 2025-03-15 13:27.
2025-03-15 13:37:00,Maintenance completed on pump system at 2025-03-15 13:37.
2025-03-15 13:38:00,Follow-up  check:  parameters  stabilizing  after  earlier  anomaly.
2025-03-15 13:39:00,Operator observed vibration fluctuations at 2025-03-15 13:39. !!!
2025-03-15 13:52:00,Routine inspection performed — all values nominal.
2025-03-15 13:57:00,Operator observed vibration fluctuations at 2025-03-15 13:57.
2025-03-15 14:22:00,Operator  observed  vibration  fluctuations  at  2025-03-15  14:22.
2025-03-15 14:58:00,Follow-up check: parameters stabilizing after earlier anomaly.
2025-03-15 15:36:00,Emergency response review due to sudden jump at 2025-03-15 15:36.
2025-03-15 15:54:00,"Pressure instability observed at 2025-03-15 15:54, checking valves."
2025-03-15 16:18:00,Temperature trend rising unusually around 2025-03-15 16:18.
2025-03-15 17:12:00,Routine inspection performed — all values nominal.
2025-03-15 17:34:00,Noticed spike in pressure near time 2025-03-15 17:34.
2025-03-15 17:36:00,Noticed spike in pressure near time 2025-03-15 17:36.
2025-03-15 17:46:00,"Pressure instability observed at 2025-03-15 17:46, checking valves."
2025-03-15 17:48:00,Drift detected across temperature readings around 2025-03-15 17:48.
2025-03-15 17:52:00,Emergency  response  review  due  to  sudden  jump  at  2025-03-15  17:52.
2025-03-15 17:58:00,Operator observed vibration fluctuations at 2025-03-15 17:58.
2025-03-15 18:01:00,Maintenance completed on pump system at 2025-03-15 18:01. !!!
2025-03-15 18:32:00,Temperature trend rising unusually around 2025-03-15 18:32.
2025-03-15 18:42:00,"Pressure instability observed at 2025-03-15 18:42, checking valves."
2025-03-15 18:44:00,Follow-up check: parameters stabilizing after earlier anomaly.
2025-03-15 18:50:00,Follow-up check: parameters stabilizing after earlier anomaly.
2025-03-15 18:53:00,Drift detected across temperature readings around 2025-03-15 18:53.
2025-03-15 19:04:00,Follow-up check: parameters stabilizing after earlier anomaly.
2025-03-15 19:10:00,Noticed spike in pressure near time 2025-03-15 19:10.
2025-03-15 19:11:00,Temperature trend rising unusually around 2025-03-15 19:11.
2025-03-15 19:37:00,Operator observed vibration fluctuations at 2025-03-15 19:37.
2025-03-15 19:37:00,Maintenance  completed  on  pump  system  at  2025-03-15  19:37.
2025-03-15 19:46:00,Sensor irregularity suspected around 2025-03-15 19:46.
2025-03-15 19:51:00,Noticed spike in pressure near time 2025-03-15 19:51.
2025-03-15 20:09:00,Operator  observed  vibration  fluctuations  at  2025-03-15  20:09.
2025-03-15 20:09:00,"Pressure  instability  observed  at  2025-03-15  20:09,  checking  valves."
2025-03-15 20:30:00,Operator observed vibration fluctuations at 2025-03-15 20:30.
2025-03-15 21:08:00,Drift detected across temperature readings around 2025-03-15 21:08. !!!
2025-03-15 21:43:00,Sensor irregularity suspected around 2025-03-15 21:43.
2025-03-15 21:47:00,Routine inspection performed — all values nominal.
2025-03-15 21:48:00,Follow-up check: parameters stabilizing after earlier anomaly.
2025-03-15 21:51:00,Operator observed vibration fluctuations at 2025-03-15 21:51.
2025-03-15 22:05:00,Operator observed vibration fluctuations at 2025-03-15 22:05.
2025-03-15 22:06:00,Operator observed vibration fluctuations at 2025-03-15 22:06.
2025-03-15 22:08:00,Follow-up check: parameters stabilizing after earlier anomaly.
2025-03-16 00:03:00,Routine inspection performed — all values nominal.
2025-03-16 00:51:00,Maintenance  completed  on  pump  system  at  2025-03-16  00:51.
2025-03-16 01:13:00,Routine inspection performed — all values nominal.
2025-03-16 01:19:00,Sensor irregularity suspected around 2025-03-16 01:19.
2025-03-16 01:34:00,Routine inspection performed — all values nominal.
2025-03-16 01:46:00,Operator observed vibration fluctuations at 2025-03-16 01:46.
2025-03-16 01:53:00,Drift detected across temperature readings around 2025-03-16 01:53.
2025-03-16 02:02:00,Temperature  trend  rising  unusually  around  2025-03-16  02:02.
2025-03-16 02:04:00,Follow-up check: parameters stabilizing after earlier anomaly.
2025-03-16 02:06:00,Emergency response review due to sudden jump at 2025-03-16 02:06.
2025-03-16 02:06:00,Operator observed vibration fluctuations at 2025-03-16 02:06.
2025-03-16 02:16:00,Maintenance completed on pump system at 2025-03-16 02:16.
2025-03-16 02:56:00,Temperature  trend  rising  unusually  around  2025-03-16  02:56.
2025-03-16 03:09:00,"Pressure instability observed at 2025-03-16 03:09, checking valves."
2025-03-16 03:32:00,Maintenance completed on pump system at 2025-03-16 03:32.
2025-03-16 03:32:00,Sensor  irregularity  suspected  around  2025-03-16  03:32.
2025-03-16 03:44:00,"Pressure instability observed at 2025-03-16 03:44, checking valves."
2025-03-16 04:11:00,Temperature trend rising unusually around 2025-03-16 04:11.
2025-03-16 04:40:00,"Pressure instability observed at 2025-03-16 04:40, checking valves."
2025-03-16 05:07:00,Temperature  trend  rising  unusually  around  2025-03-16  05:07.
2025-03-16 05:35:00,Operator observed vibration fluctuations at 2025-03-16 05:35.
2025-03-16 05:49:00,Temperature trend rising unusually around 2025-03-16 05:49.
2025-03-16 06:10:00,Follow-up check: parameters stabilizing after earlier anomaly.
2025-03-16 06:11:00,Maintenance completed on pump system at 2025-03-16 06:11.
2025-03-16 06:11:00,Routine inspection performed — all values nominal.
2025-03-16 06:14:00,Routine inspection performed — all values nominal.
2025-03-16 06:32:00,"Pressure instability observed at 2025-03-16 06:32, checking valves."
2025-03-16 06:41:00,Noticed spike in pressure near time 2025-03-16 06:41.
2025-03-16 06:47:00,Maintenance completed on pump system at 2025-03-16 06:47.
2025-03-16 06:53:00,"Pressure instability observed at 2025-03-16 06:53, checking valves."
2025-03-16 07:15:00,Noticed spike in pressure near time 2025-03-16 07:15.
2025-03-16 08:15:00,Operator observed vibration fluctuations at 2025-03-16 08:15.
2025-03-16 08:40:00,Temperature trend rising unusually around 2025-03-16 08:40.
2025-03-16 08:41:00,Noticed spike in pressure near time 2025-03-16 08:41.
2025-03-16 08:50:00,Noticed spike in pressure near time 2025-03-16 08:50.
2025-03-16 08:50:00,Operator observed vibration fluctuations at 2025-03-16 08:50.
2025-03-16 09:16:00,Routine inspection performed — all values nominal.
2025-03-16 09:29:00,Maintenance completed on pump system at 2025-03-16 09:29.
2025-03-16 09:35:00,Operator observed vibration fluctuations at 2025-03-16 09:35.
2025-03-16 09:59:00,Maintenance completed on pump system at 2025-03-16 09:59.
2025-03-16 10:04:00,Routine inspection performed — all values nominal.
2025-03-16 10:11:00,Temperature trend rising unusually around 2025-03-16 10:11.
2025-03-16 10:24:00,Sensor irregularity suspected around 2025-03-16 10:24.
2025-03-16 11:37:00,Drift detected across temperature readings around 2025-03-16 11:37.
2025-03-16 12:04:00,Operator observed vibration fluctuations at 2025-03-16 12:04.
2025-03-16 12:39:00,Emergency response review due to sudden jump at 2025-03-16 12:39.
2025-03-16 12:42:00,Operator observed vibration fluctuations at 2025-03-16 12:42.
2025-03-16 13:01:00,Drift detected across temperature readings around 2025-03-16 13:01.
2025-03-16 13:13:00,Noticed spike in pressure near time 2025-03-16 13:13.
2025-03-16 13:27:00,Routine inspection performed — all values nominal.
2025-03-16 14:26:00,"Pressure instability observed at 2025-03-16 14:26, checking valves."
2025-03-16 14:34:00,Emergency response review due to sudden jump at 2025-03-16 14:34.
2025-03-16 14:38:00,Emergency response review due to sudden jump at 2025-03-16 14:38.
2025-03-16 14:55:00,Follow-up check: parameters stabilizing after earlier anomaly.
2025-03-16 15:03:00,"Pressure instability observed at 2025-03-16 15:03, checking valves."
2025-03-16 15:31:00,Operator observed vibration fluctuations at 2025-03-16 15:31.
2025-03-16 15:58:00,Routine inspection performed — all values nominal.
2025-03-16 17:04:00,Follow-up  check:  parameters  stabilizing  after  earlier  anomaly.
2025-03-16 17:05:00,Maintenance completed on pump system at 2025-03-16 17:05.
2025-03-16 17:24:00,Temperature trend rising unusually around 2025-03-16 17:24.
2025-03-16 18:12:00,Noticed spike in pressure near time 2025-03-16 18:12. !!!
2025-03-16 18:16:00,Emergency response review due to sudden jump at 2025-03-16 18:16.
2025-03-16 18:42:00,Operator  observed  vibration  fluctuations  at  2025-03-16  18:42.
2025-03-16 19:18:00,Routine inspection performed — all values nominal. !!!
2025-03-16 19:19:00,"Pressure instability observed at 2025-03-16 19:19, checking valves."
2025-03-16 19:24:00,Maintenance completed on pump system at 2025-03-16 19:24.
2025-03-16 19:49:00,Operator observed vibration fluctuations at 2025-03-16 19:49.
2025-03-16 20:43:00,Operator observed vibration fluctuations at 2025-03-16 20:43.
2025-03-16 21:22:00,Operator observed vibration fluctuations at 2025-03-16 21:22.
2025-03-16 21:24:00,Drift detected across temperature readings around 2025-03-16 21:24.
2025-03-16 21:42:00,Operator observed vibration fluctuations at 2025-03-16 21:42.
2025-03-16 21:46:00,Drift detected across temperature readings around 2025-03-16 21:46.
2025-03-16 21:54:00,Maintenance completed on pump system at 2025-03-16 21:54.
2025-03-16 22:07:00,Follow-up check: parameters stabilizing after earlier anomaly.
2025-03-16 22:24:00,Temperature trend rising unusually around 2025-03-16 22:24.
2025-03-16 22:26:00,Sensor irregularity suspected around 2025-03-16 22:26.
2025-03-16 22:35:00,Emergency  response  review  due  to  sudden  jump  at  2025-03-16  22:35.
2025-03-16 23:01:00,Follow-up  check:  parameters  stabilizing  after  earlier  anomaly.
2025-03-16 23:03:00,Sensor irregularity suspected around 2025-03-16 23:03.
2025-03-16 23:26:00,Routine inspection performed — all values nominal.
2025-03-16 23:35:00,Temperature trend rising unusually around 2025-03-16 23:35.
2025-03-16 23:40:00,Sensor irregularity suspected around 2025-03-16 23:40.
2025-03-16 23:49:00,Routine inspection performed — all values nominal.
2025-03-17 00:03:00,Emergency  response  review  due  to  sudden  jump  at  2025-03-17  00:03.
2025-03-17 00:10:00,"Pressure instability observed at 2025-03-17 00:10, checking valves."
2025-03-17 00:20:00,Maintenance completed on pump system at 2025-03-17 00:20.
2025-03-17 00:21:00,Follow-up check: parameters stabilizing after earlier anomaly.
2025-03-17 00:22:00,Follow-up check: parameters stabilizing after earlier anomaly.
2025-03-17 00:54:00,Operator observed vibration fluctuations at 2025-03-17 00:54.
2025-03-17 01:41:00,Operator  observed  vibration  fluctuations  at  2025-03-17  01:41.
2025-03-17 01:50:00,Sensor irregularity suspected around 2025-03-17 01:50.
2025-03-17 02:20:00,Maintenance completed on pump system at 2025-03-17 02:20.
2025-03-17 02:36:00,Maintenance completed on pump system at 2025-03-17 02:36.
2025-03-17 02:47:00,Follow-up check: parameters stabilizing after earlier anomaly.
2025-03-17 03:06:00,Sensor irregularity suspected around 2025-03-17 03:06.
2025-03-17 03:15:00,Operator observed vibration fluctuations at 2025-03-17 03:15.
2025-03-17 03:21:00,Follow-up check: parameters stabilizing after earlier anomaly.
2025-03-17 03:22:00,Maintenance completed on pump system at 2025-03-17 03:22.
2025-03-17 03:30:00,Emergency response review due to sudden jump at 2025-03-17 03:30.
2025-03-17 04:34:00,Emergency response review due to sudden jump at 2025-03-17 04:34.
2025-03-17 04:44:00,Follow-up check: parameters stabilizing after earlier anomaly.
2025-03-17 04:58:00,Noticed spike in pressure near time 2025-03-17 04:58.
2025-03-17 04:59:00,Routine inspection performed — all values nominal.
2025-03-17 05:08:00,"Pressure instability observed at 2025-03-17 05:08, checking valves."
2025-03-17 05:37:00,Follow-up check: parameters stabilizing after earlier anomaly.
2025-03-17 05:56:00,Drift detected across temperature readings around 2025-03-17 05:56.
2025-03-17 05:58:00,Routine inspection performed — all values nominal.
2025-03-17 05:58:00,Operator observed vibration fluctuations at 2025-03-17 05:58.
2025-03-17 06:21:00,Routine inspection performed — all values nominal.
2025-03-17 06:26:00,Drift detected across temperature readings around 2025-03-17 06:26. !!!
2025-03-17 06:49:00,Routine inspection performed — all values nominal.
2025-03-17 06:51:00,Maintenance completed on pump system at 2025-03-17 06:51.
2025-03-17 06:59:00,Temperature trend rising unusually around 2025-03-17 06:59.
2025-03-17 07:27:00,Maintenance completed on pump system at 2025-03-17 07:27.
2025-03-17 07:32:00,"Pressure instability observed at 2025-03-17 07:32, checking valves."
2025-03-17 07:35:00,Noticed spike in pressure near time 2025-03-17 07:35.
2025-03-17 07:57:00,Drift detected across temperature readings around 2025-03-17 07:57.
2025-03-17 08:29:00,Noticed spike in pressure near time 2025-03-17 08:29.
2025-03-17 08:40:00,Maintenance completed on pump system at 2025-03-17 08:40.
2025-03-17 08:50:00,Noticed spike in pressure near time 2025-03-17 08:50.
2025-03-17 08:52:00,Operator observed vibration fluctuations at 2025-03-17 08:52.
2025-03-17 08:59:00,Follow-up check: parameters stabilizing after earlier anomaly.
2025-03-17 09:10:00,Routine inspection performed — all values nominal.
2025-03-17 09:10:00,Operator  observed  vibration  fluctuations  at  2025-03-17  09:10.
2025-03-17 09:13:00,Maintenance completed on pump system at 2025-03-17 09:13.
2025-03-17 09:39:00,Operator observed vibration fluctuations at 2025-03-17 09:39.
2025-03-17 09:42:00,Maintenance  completed  on  pump  system  at  2025-03-17  09:42.
2025-03-17 10:48:00,Routine  inspection  performed  —  all  values  nominal.
2025-03-17 10:49:00,Emergency response review due to sudden jump at 2025-03-17 10:49.
2025-03-17 10:52:00,Noticed spike in pressure near time 2025-03-17 10:52. !!!
2025-03-17 11:09:00,Follow-up check: parameters stabilizing after earlier anomaly.
2025-03-17 12:29:00,Operator observed vibration fluctuations at 2025-03-17 12:29.
2025-03-17 12:41:00,Maintenance completed on pump system at 2025-03-17 12:41.
2025-03-17 12:55:00,Drift detected across temperature readings around 2025-03-17 12:55.
2025-03-17 12:58:00,Noticed spike in pressure near time 2025-03-17 12:58.
2025-03-17 13:19:00,Follow-up check: parameters stabilizing after earlier anomaly.
2025-03-17 13:28:00,Operator observed vibration fluctuations at 2025-03-17 13:28.
2025-03-17 13:46:00,Operator observed vibration fluctuations at 2025-03-17 13:46.
2025-03-17 13:48:00,Follow-up check: parameters stabilizing after earlier anomaly.
2025-03-17 14:16:00,Follow-up check: parameters stabilizing after earlier anomaly.
2025-03-17 14:26:00,Routine inspection performed — all values nominal.
2025-03-17 14:27:00,Maintenance completed on pump system at 2025-03-17 14:27.
2025-03-17 14:48:00,"Pressure instability observed at 2025-03-17 14:48, checking valves."
2025-03-17 15:03:00,Emergency response review due to sudden jump at 2025-03-17 15:03.
2025-03-17 15:17:00,Sensor irregularity suspected around 2025-03-17 15:17.
2025-03-17 15:22:00,Emergency response review due to sudden jump at 2025-03-17 15:22.
2025-03-17 15:23:00,Emergency response review due to sudden jump at 2025-03-17 15:23.
2025-03-17 15:31:00,Temperature trend rising unusually around 2025-03-17 15:31. !!!
2025-03-17 15:32:00,"Pressure instability observed at 2025-03-17 15:32, checking valves."
2025-03-17 15:55:00,"Pressure instability observed at 2025-03-17 15:55, checking valves."
2025-03-17 15:59:00,Maintenance completed on pump system at 2025-03-17 15:59.
2025-03-17 16:11:00,Temperature trend rising unusually around 2025-03-17 16:11.
2025-03-17 16:15:00,Emergency response review due to sudden jump at 2025-03-17 16:15.
2025-03-17 17:02:00,Noticed spike in pressure near time 2025-03-17 17:02.
2025-03-17 17:21:00,Sensor irregularity suspected around 2025-03-17 17:21.
2025-03-17 17:22:00,Noticed spike in pressure near time 2025-03-17 17:22.
2025-03-17 17:51:00,Sensor irregularity suspected around 2025-03-17 17:51.
2025-03-17 18:53:00,Operator observed vibration fluctuations at 2025-03-17 18:53.
2025-03-17 18:53:00,Drift detected across temperature readings around 2025-03-17 18:53.
2025-03-17 18:56:00,"Pressure instability observed at 2025-03-17 18:56, checking valves."
2025-03-17 19:06:00,Sensor irregularity suspected around 2025-03-17 19:06.
2025-03-17 19:44:00,Temperature trend rising unusually around 2025-03-17 19:44.
2025-03-17 19:46:00,Noticed  spike  in  pressure  near  time  2025-03-17  19:46.
2025-03-17 19:52:00,Maintenance  completed  on  pump  system  at  2025-03-17  19:52.
2025-03-17 19:58:00,Operator observed vibration fluctuations at 2025-03-17 19:58.
2025-03-17 20:16:00,Routine inspection performed — all values nominal.
2025-03-17 20:19:00,Sensor irregularity suspected around 2025-03-17 20:19.
2025-03-17 20:24:00,Emergency response review due to sudden jump at 2025-03-17 20:24.
2025-03-17 20:26:00,Emergency response review due to sudden jump at 2025-03-17 20:26.
2025-03-17 20:38:00,Drift detected across temperature readings around 2025-03-17 20:38.
2025-03-17 20:42:00,Follow-up check: parameters stabilizing after earlier anomaly.
2025-03-17 20:44:00,Temperature trend rising unusually around 2025-03-17 20:44.
2025-03-17 20:58:00,Maintenance completed on pump system at 2025-03-17 20:58.
2025-03-17 21:09:00,"Pressure instability observed at 2025-03-17 21:09, checking valves."
2025-03-17 21:29:00,Routine inspection performed — all values nominal.
2025-03-17 21:32:00,Operator observed vibration fluctuations at 2025-03-17 21:32.
2025-03-17 22:10:00,Follow-up check: parameters stabilizing after earlier anomaly.
2025-03-17 22:26:00,Noticed spike in pressure near time 2025-03-17 22:26.
2025-03-17 22:35:00,Emergency response review due to sudden jump at 2025-03-17 22:35.
2025-03-17 22:59:00,Routine inspection performed — all values nominal.
2025-03-17 23:04:00,Maintenance completed on pump system at 2025-03-17 23:04.
2025-03-17 23:27:00,Follow-up check: parameters stabilizing after earlier anomaly.
2025-03-17 23:29:00,Routine inspection performed — all values nominal.
2025-03-17 23:44:00,Noticed spike in pressure near time 2025-03-17 23:44.
2025-03-18 00:17:00,Emergency response review due to sudden jump at 2025-03-18 00:17.
2025-03-18 00:52:00,Temperature  trend  rising  unusually  around  2025-03-18  00:52.
2025-03-18 01:24:00,Routine inspection performed — all values nominal.
2025-03-18 01:26:00,Maintenance completed on pump system at 2025-03-18 01:26.
2025-03-18 01:33:00,Emergency  response  review  due  to  sudden  jump  at  2025-03-18  01:33. !!!
2025-03-18 01:54:00,Routine inspection performed — all values nominal.
2025-03-18 02:19:00,Drift detected across temperature readings around 2025-03-18 02:19.
2025-03-18 02:38:00,Noticed spike in pressure near time 2025-03-18 02:38.
2025-03-18 02:55:00,Routine inspection performed — all values nominal.
2025-03-18 03:01:00,Drift detected across temperature readings around 2025-03-18 03:01.
2025-03-18 03:15:00,Noticed spike in pressure near time 2025-03-18 03:15.
2025-03-18 03:25:00,Routine inspection performed — all values nominal.
2025-03-18 03:27:00,Noticed spike in pressure near time 2025-03-18 03:27.
2025-03-18 03:34:00,Emergency response review due to sudden jump at 2025-03-18 03:34. !!!
2025-03-18 03:35:00,Drift detected across temperature readings around 2025-03-18 03:35.
2025-03-18 03:40:00,Routine inspection performed — all values nominal.
2025-03-18 03:45:00,Emergency response review due to sudden jump at 2025-03-18 03:45.
2025-03-18 04:10:00,Routine inspection performed — all values nominal.
2025-03-18 04:12:00,Routine inspection performed — all values nominal.
2025-03-18 04:25:00,Noticed spike in pressure near time 2025-03-18 04:25.
2025-03-18 04:36:00,Drift detected across temperature readings around 2025-03-18 04:36.
2025-03-18 04:44:00,Sensor irregularity suspected around 2025-03-18 04:44.
2025-03-18 04:53:00,Noticed spike in pressure near time 2025-03-18 04:53.
2025-03-18 05:14:00,Sensor  irregularity  suspected  around  2025-03-18  05:14.
2025-03-18 05:37:00,Routine inspection performed — all values nominal.
2025-03-18 06:25:00,Sensor irregularity suspected around 2025-03-18 06:25.
2025-03-18 06:38:00,Sensor irregularity suspected around 2025-03-18 06:38.
2025-03-18 06:50:00,"Pressure instability observed at 2025-03-18 06:50, checking valves."
2025-03-18 07:01:00,Sensor  irregularity  suspected  around  2025-03-18  07:01.
2025-03-18 07:09:00,Temperature trend rising unusually around 2025-03-18 07:09. !!!
2025-03-18 07:15:00,Sensor irregularity suspected around 2025-03-18 07:15.
2025-03-18 07:17:00,Sensor  irregularity  suspected  around  2025-03-18  07:17. !!!
2025-03-18 08:06:00,"Pressure instability observed at 2025-03-18 08:06, checking valves."
2025-03-18 08:47:00,Emergency response review due to sudden jump at 2025-03-18 08:47.
2025-03-18 08:50:00,Temperature trend rising unusually around 2025-03-18 08:50.
2025-03-18 08:55:00,Follow-up check: parameters stabilizing after earlier anomaly.
2025-03-18 09:11:00,Maintenance completed on pump system at 2025-03-18 09:11.
2025-03-18 09:58:00,Noticed spike in pressure near time 2025-03-18 09:58.
2025-03-18 10:09:00,Sensor irregularity suspected around 2025-03-18 10:09.
2025-03-18 10:14:00,Emergency response review due to sudden jump at 2025-03-18 10:14.
2025-03-18 10:42:00,Follow-up check: parameters stabilizing after earlier anomaly.
2025-03-18 10:49:00,"Pressure instability observed at 2025-03-18 10:49, checking valves."
2025-03-18 11:59:00,Noticed spike in pressure near time 2025-03-18 11:59.
2025-03-18 12:25:00,Sensor irregularity suspected around 2025-03-18 12:25.
2025-03-18 12:57:00,Sensor irregularity suspected around 2025-03-18 12:57.
2025-03-18 13:16:00,Sensor irregularity suspected around 2025-03-18 13:16.
2025-03-18 13:17:00,Temperature trend rising unusually around 2025-03-18 13:17.
2025-03-18 13:17:00,Operator observed vibration fluctuations at 2025-03-18 13:17.
2025-03-18 13:39:00,Follow-up check: parameters stabilizing after earlier anomaly.
2025-03-18 14:03:00,Maintenance completed on pump system at 2025-03-18 14:03.
2025-03-18 14:11:00,Drift detected across temperature readings around 2025-03-18 14:11.
2025-03-18 14:19:00,Sensor irregularity suspected around 2025-03-18 14:19.
2025-03-18 14:40:00,Sensor irregularity suspected around 2025-03-18 14:40.
2025-03-18 14:41:00,Sensor irregularity suspected around 2025-03-18 14:41.
2025-03-18 14:59:00,Maintenance completed on pump system at 2025-03-18 14:59.
2025-03-18 15:16:00,Sensor irregularity suspected around 2025-03-18 15:16.
2025-03-18 15:17:00,Emergency response review due to sudden jump at 2025-03-18 15:17.
2025-03-18 15:46:00,Routine inspection performed — all values nominal. !!!
2025-03-18 15:48:00,Temperature trend rising unusually around 2025-03-18 15:48.
2025-03-18 15:49:00,"Pressure instability observed at 2025-03-18 15:49, checking valves."
2025-03-18 15:50:00,Follow-up check: parameters stabilizing after earlier anomaly.
2025-03-18 16:22:00,"Pressure instability observed at 2025-03-18 16:22, checking valves."
2025-03-18 16:30:00,"Pressure instability observed at 2025-03-18 16:30, checking valves."
2025-03-18 16:38:00,"Pressure  instability  observed  at  2025-03-18  16:38,  checking  valves."
2025-03-18 17:08:00,Routine inspection performed — all values nominal.
2025-03-18 17:55:00,Noticed spike in pressure near time 2025-03-18 17:55.
2025-03-18 18:02:00,Noticed spike in pressure near time 2025-03-18 18:02.
2025-03-18 18:06:00,"Pressure instability observed at 2025-03-18 18:06, checking valves."
2025-03-18 18:15:00,Sensor irregularity suspected around 2025-03-18 18:15.
2025-03-18 18:22:00,Sensor irregularity suspected around 2025-03-18 18:22.
2025-03-18 18:38:00,Emergency response review due to sudden jump at 2025-03-18 18:38.
2025-03-18 19:02:00,Temperature trend rising unusually around 2025-03-18 19:02.
2025-03-18 19:26:00,Drift detected across temperature readings around 2025-03-18 19:26. !!!
2025-03-18 20:10:00,Noticed spike in pressure near time 2025-03-18 20:10.
2025-03-18 20:11:00,Noticed spike in pressure near time 2025-03-18 20:11.
2025-03-18 20:21:00,Drift detected across temperature readings around 2025-03-18 20:21.
2025-03-18 20:43:00,Noticed spike in pressure near time 2025-03-18 20:43.
2025-03-18 22:17:00,Noticed spike in pressure near time 2025-03-18 22:17. !!!
2025-03-18 22:18:00,Follow-up check: parameters stabilizing after earlier anomaly.
2025-03-18 22:33:00,Drift detected across temperature readings around 2025-03-18 22:33.
2025-03-19 17:37:00,Sensor irregularity suspected around 2025-03-19 17:37.
2025-03-19 19:30:00,"Pressure instability observed at 2025-03-19 19:30, checking valves."
2025-03-20 08:01:00,Operator observed vibration fluctuations at 2025-03-20 08:01.
2025-03-20 16:53:00,Noticed spike in pressure near time 2025-03-20 16:53.
2025-03-21 04:00:00,Follow-up  check:  parameters  stabilizing  after  earlier  anomaly.
2025-03-21 08:03:00,Drift  detected  across  temperature  readings  around  2025-03-21  08:03.
2025-03-21 20:01:00,"Pressure instability observed at 2025-03-21 20:01, checking valves."
2025-03-22 05:13:00,Sensor irregularity suspected around 2025-03-22 05:13.
2025-03-22 14:23:00,Noticed  spike  in  pressure  near  time  2025-03-22  14:23.
2025-03-22 14:35:00,Follow-up check: parameters stabilizing after earlier anomaly. !!!
2025-03-23 19:45:00,Sensor irregularity suspected around 2025-03-23 19:45.
2025-03-24 06:48:00,Drift detected across temperature readings around 2025-03-24 06:48.
2025-03-25 04:19:00,Follow-up  check:  parameters  stabilizing  after  earlier  anomaly.
2025-03-25 04:27:00,Follow-up check: parameters stabilizing after earlier anomaly.
2025-03-25 05:32:00,Routine inspection performed — all values nominal.
2025-03-25 15:53:00,Drift detected across temperature readings around 2025-03-25 15:53.
2025-03-25 22:41:00,Temperature trend rising unusually around 2025-03-25 22:41.
2025-03-26 01:58:00,Follow-up check: parameters stabilizing after earlier anomaly.
2025-03-26 14:56:00,Follow-up check: parameters stabilizing after earlier anomaly.
2025-03-26 22:12:00,Emergency response review due to sudden jump at 2025-03-26 22:12.
2025-03-27 11:00:00,"Pressure instability observed at 2025-03-27 11:00, checking valves."
2025-03-27 18:11:00,Emergency response review due to sudden jump at 2025-03-27 18:11.
2025-03-27 20:44:00,Follow-up check: parameters stabilizing after earlier anomaly.
2025-03-28 07:48:00,Temperature trend rising unusually around 2025-03-28 07:48.
2025-03-28 21:14:00,Follow-up check: parameters stabilizing after earlier anomaly.
2025-03-30 11:57:00,Sensor irregularity suspected around 2025-03-30 11:57.
2025-03-30 15:06:00,Operator observed vibration fluctuations at 2025-03-30 15:06.
2025-03-31 01:34:00,Emergency response review due to sudden jump at 2025-03-31 01:34.
2025-03-31 05:14:00,Temperature  trend  rising  unusually  around  2025-03-31  05:14.
2025-03-31 12:06:00,Drift detected across temperature readings around 2025-03-31 12:06. !!!
2025-03-31 18:02:00,Sensor irregularity suspected around 2025-03-31 18:02.
2025-04-02 05:35:00,Operator observed vibration fluctuations at 2025-04-02 05:35.
2025-04-02 15:45:00,"Pressure instability observed at 2025-04-02 15:45, checking valves."
2025-04-03 06:13:00,Operator observed vibration fluctuations at 2025-04-03 06:13.
2025-04-03 14:34:00,Drift detected across temperature readings around 2025-04-03 14:34.
2025-04-04 06:37:00,"Pressure  instability  observed  at  2025-04-04  06:37,  checking  valves."
2025-04-04 08:54:00,Emergency response review due to sudden jump at 2025-04-04 08:54.
2025-04-04 14:06:00,Drift detected across temperature readings around 2025-04-04 14:06.
2025-04-05 06:03:00,Temperature trend rising unusually around 2025-04-05 06:03.
2025-04-05 06:53:00,Noticed spike in pressure near time 2025-04-05 06:53.
2025-04-05 07:39:00,Routine inspection performed — all values nominal.
2025-04-06 03:09:00,Operator observed vibration fluctuations at 2025-04-06 03:09.
2025-04-07 02:55:00,Temperature trend rising unusually around 2025-04-07 02:55.
2025-04-07 03:27:00,Operator observed vibration fluctuations at 2025-04-07 03:27.
2025-04-07 18:16:00,Drift detected across temperature readings around 2025-04-07 18:16.
2025-04-07 19:11:00,Routine inspection performed — all values nominal.
2025-04-08 03:34:00,Sensor irregularity suspected around 2025-04-08 03:34.
2025-04-09 13:56:00,"Pressure instability observed at 2025-04-09 13:56, checking valves."
2025-04-10 05:31:00,Noticed spike in pressure near time 2025-04-10 05:31.
2025-04-10 09:00:00,Routine inspection performed — all values nominal.
2025-04-10 10:18:00,Sensor irregularity suspected around 2025-04-10 10:18.
2025-04-10 13:14:00,Maintenance completed on pump system at 2025-04-10 13:14.
2025-04-10 13:33:00,Follow-up check: parameters stabilizing after earlier anomaly.
2025-04-10 19:10:00,Routine inspection performed — all values nominal.
2025-04-11 00:37:00,Routine inspection performed — all values nominal.
2025-04-11 04:34:00,Noticed spike in pressure near time 2025-04-11 04:34.
2025-04-11 18:13:00,Sensor irregularity suspected around 2025-04-11 18:13.
2025-04-12 16:31:00,"Pressure instability observed at 2025-04-12 16:31, checking valves."
2025-04-13 23:39:00,"Pressure instability observed at 2025-04-13 23:39, checking valves."
2025-04-14 01:07:00,Drift detected across temperature readings around 2025-04-14 01:07. !!!
2025-04-14 06:12:00,Follow-up check: parameters stabilizing after earlier anomaly.
2025-04-14 11:49:00,Maintenance completed on pump system at 2025-04-14 11:49.
2025-04-14 13:15:00,Operator observed vibration fluctuations at 2025-04-14 13:15. !!!
2025-04-15 05:12:00,Temperature trend rising unusually around 2025-04-15 05:12.
2025-04-15 14:39:00,Operator observed vibration fluctuations at 2025-04-15 14:39.
2025-04-15 15:05:00,"Pressure instability observed at 2025-04-15 15:05, checking valves."
2025-04-15 17:57:00,Emergency response review due to sudden jump at 2025-04-15 17:57.
2025-04-16 04:26:00,Drift detected across temperature readings around 2025-04-16 04:26.
2025-04-18 01:55:00,Follow-up  check:  parameters  stabilizing  after  earlier  anomaly.
2025-04-18 03:55:00,Temperature trend rising unusually around 2025-04-18 03:55.
2025-04-18 06:53:00,Noticed spike in pressure near time 2025-04-18 06:53.
2025-04-18 13:38:00,Temperature  trend  rising  unusually  around  2025-04-18  13:38.
2025-04-18 15:45:00,Routine  inspection  performed  —  all  values  nominal.
2025-04-19 02:20:00,Operator observed vibration fluctuations at 2025-04-19 02:20.
2025-04-19 06:29:00,"Pressure  instability  observed  at  2025-04-19  06:29,  checking  valves."
2025-04-21 02:01:00,Routine inspection performed — all values nominal.
2025-04-21 07:55:00,Emergency  response  review  due  to  sudden  jump  at  2025-04-21  07:55.
2025-04-21 11:29:00,"Pressure instability observed at 2025-04-21 11:29, checking valves."
2025-04-21 12:57:00,"Pressure instability observed at 2025-04-21 12:57, checking valves."
2025-04-21 18:02:00,Sensor  irregularity  suspected  around  2025-04-21  18:02.
2025-04-21 21:22:00,Routine inspection performed — all values nominal.
2025-04-21 23:14:00,"Pressure  instability  observed  at  2025-04-21  23:14,  checking  valves."
2025-04-22 08:05:00,Maintenance completed on pump system at 2025-04-22 08:05.
2025-04-22 09:03:00,"Pressure instability observed at 2025-04-22 09:03, checking valves."
2025-04-22 21:01:00,Follow-up check: parameters stabilizing after earlier anomaly.
2025-04-22 23:25:00,Maintenance completed on pump system at 2025-04-22 23:25.
2025-04-23 03:08:00,Maintenance completed on pump system at 2025-04-23 03:08.
2025-04-23 07:41:00,"Pressure instability observed at 2025-04-23 07:41, checking valves."
2025-04-23 19:01:00,Emergency response review due to sudden jump at 2025-04-23 19:01.
2025-04-25 14:15:00,Operator observed vibration fluctuations at 2025-04-25 14:15.
2025-04-25 22:20:00,Maintenance completed on pump system at 2025-04-25 22:20.
2025-04-26 00:48:00,Sensor  irregularity  suspected  around  2025-04-26  00:48.
2025-04-26 10:17:00,Routine inspection performed — all values nominal.
2025-04-26 18:32:00,Temperature trend rising unusually around 2025-04-26 18:32.
2025-04-27 19:48:00,Temperature trend rising unusually around 2025-04-27 19:48.
2025-04-28 05:31:00,Emergency response review due to sudden jump at 2025-04-28 05:31.
2025-04-28 14:00:00,Noticed spike in pressure near time 2025-04-28 14:00.
2025-04-29 03:00:00,Noticed spike in pressure near time 2025-04-29 03:00.
2025-04-29 11:33:00,Follow-up check: parameters stabilizing after earlier anomaly.
2025-04-30 10:41:00,Emergency response review due to sudden jump at 2025-04-30 10:41.
2025-05-02 08:48:00,Operator observed vibration fluctuations at 2025-05-02 08:48.
2025-05-02 18:25:00,Emergency response review due to sudden jump at 2025-05-02 18:25.
2025-05-02 23:49:00,Emergency response review due to sudden jump at 2025-05-02 23:49.
2025-05-03 11:58:00,Maintenance completed on pump system at 2025-05-03 11:58.
2025-05-03 13:21:00,Sensor irregularity suspected around 2025-05-03 13:21.
2025-05-03 22:17:00,"Pressure  instability  observed  at  2025-05-03  22:17,  checking  valves."
2025-05-04 01:58:00,Sensor irregularity suspected around 2025-05-04 01:58.
2025-05-04 20:31:00,"Pressure instability observed at 2025-05-04 20:31, checking valves."
2025-05-05 06:51:00,Sensor irregularity suspected around 2025-05-05 06:51.
2025-05-05 17:00:00,Drift detected across temperature readings around 2025-05-05 17:00.
2025-05-05 19:11:00,Operator observed vibration fluctuations at 2025-05-05 19:11. !!!
2025-05-07 03:14:00,Follow-up check: parameters stabilizing after earlier anomaly. !!!
2025-05-07 08:23:00,Temperature trend rising unusually around 2025-05-07 08:23. !!!
2025-05-07 18:39:00,Sensor irregularity suspected around 2025-05-07 18:39.
2025-05-08 03:29:00,Routine inspection performed — all values nominal.
2025-05-08 03:49:00,Maintenance completed on pump system at 2025-05-08 03:49.
2025-05-08 04:34:00,Emergency response review due to sudden jump at 2025-05-08 04:34.
2025-05-08 05:41:00,Emergency response review due to sudden jump at 2025-05-08 05:41.
2025-05-08 11:42:00,Maintenance completed on pump system at 2025-05-08 11:42.
2025-05-08 14:46:00,Operator observed vibration fluctuations at 2025-05-08 14:46.
2025-05-09 06:05:00,Noticed spike in pressure near time 2025-05-09 06:05. !!!
2025-05-09 09:34:00,Maintenance completed on pump system at 2025-05-09 09:34.
2025-05-09 13:55:00,Maintenance completed on pump system at 2025-05-09 13:55.
2025-05-11 18:40:00,Noticed spike in pressure near time 2025-05-11 18:40.
2025-05-12 04:05:00,Emergency response review due to sudden jump at 2025-05-12 04:05.
2025-05-12 12:43:00,Sensor irregularity suspected around 2025-05-12 12:43.
2025-05-12 19:27:00,Noticed spike in pressure near time 2025-05-12 19:27.
2025-05-12 22:21:00,Temperature  trend  rising  unusually  around  2025-05-12  22:21.
2025-05-13 05:16:00,Emergency response review due to sudden jump at 2025-05-13 05:16.
2025-05-13 13:56:00,Operator observed vibration fluctuations at 2025-05-13 13:56.
2025-05-13 17:11:00,Sensor  irregularity  suspected  around  2025-05-13  17:11.
2025-05-13 18:26:00,Temperature trend rising unusually around 2025-05-13 18:26.
2025-05-14 02:06:00,Routine  inspection  performed  —  all  values  nominal.
2025-05-14 05:15:00,Maintenance completed on pump system at 2025-05-14 05:15.
2025-05-14 05:38:00,Drift detected across temperature readings around 2025-05-14 05:38.
2025-05-14 11:23:00,Emergency response review due to sudden jump at 2025-05-14 11:23.
2025-05-15 03:58:00,Operator observed vibration fluctuations at 2025-05-15 03:58.
2025-05-15 08:18:00,"Pressure instability observed at 2025-05-15 08:18, checking valves."
2025-05-15 09:33:00,Routine inspection performed — all values nominal.
2025-05-15 13:56:00,Temperature trend rising unusually around 2025-05-15 13:56.
2025-05-16 01:42:00,Routine  inspection  performed  —  all  values  nominal.
2025-05-16 06:10:00,Routine inspection performed — all values nominal.
2025-05-18 00:11:00,Follow-up check: parameters stabilizing after earlier anomaly.
2025-05-18 02:20:00,Sensor irregularity suspected around 2025-05-18 02:20.
2025-05-19 08:20:00,Temperature trend rising unusually around 2025-05-19 08:20.
2025-05-19 09:41:00,Temperature trend rising unusually around 2025-05-19 09:41.
2025-05-21 21:10:00,"Pressure instability observed at 2025-05-21 21:10, checking valves."
2025-05-21 23:02:00,Emergency response review due to sudden jump at 2025-05-21 23:02.
2025-05-22 05:06:00,Operator observed vibration fluctuations at 2025-05-22 05:06.
2025-05-22 17:49:00,Sensor irregularity suspected around 2025-05-22 17:49.
2025-05-23 06:02:00,Drift  detected  across  temperature  readings  around  2025-05-23  06:02.
2025-05-24 14:42:00,"Pressure instability observed at 2025-05-24 14:42, checking valves."
2025-05-25 04:14:00,Routine inspection performed — all values nominal.
2025-05-25 11:29:00,Maintenance completed on pump system at 2025-05-25 11:29.
2025-05-26 10:49:00,Temperature  trend  rising  unusually  around  2025-05-26  10:49.
2025-05-27 14:48:00,"Pressure instability observed at 2025-05-27 14:48, checking valves. !!!"
2025-05-28 05:23:00,Temperature trend rising unusually around 2025-05-28 05:23.
2025-05-28 05:53:00,Sensor irregularity suspected around 2025-05-28 05:53.
2025-05-28 19:01:00,Sensor irregularity suspected around 2025-05-28 19:01.
2025-05-28 19:59:00,Operator observed vibration fluctuations at 2025-05-28 19:59.
2025-05-29 05:50:00,Operator  observed  vibration  fluctuations  at  2025-05-29  05:50.
2025-05-30 10:34:00,Routine inspection performed — all values nominal.
2025-05-31 06:04:00,Operator observed vibration fluctuations at 2025-05-31 06:04.
2025-05-31 10:00:00,Drift detected across temperature readings around 2025-05-31 10:00.
2025-05-31 18:15:00,Follow-up check: parameters stabilizing after earlier anomaly.
2025-06-01 01:45:00,Routine inspection performed — all values nominal.
2025-06-01 07:41:00,Noticed spike in pressure near time 2025-06-01 07:41.
2025-06-02 02:01:00,Noticed spike in pressure near time 2025-06-02 02:01.
2025-06-03 16:26:00,Follow-up check: parameters stabilizing after earlier anomaly.
2025-06-03 18:18:00,Operator observed vibration fluctuations at 2025-06-03 18:18.
2025-06-03 23:27:00,Emergency response review due to sudden jump at 2025-06-03 23:27.
2025-06-04 22:42:00,Routine  inspection  performed  —  all  values  nominal.
2025-06-05 10:57:00,Drift detected across temperature readings around 2025-06-05 10:57.
2025-06-06 01:25:00,Follow-up check: parameters stabilizing after earlier anomaly.
2025-06-06 14:29:00,Temperature trend rising unusually around 2025-06-06 14:29.
2025-06-08 08:52:00,Noticed spike in pressure near time 2025-06-08 08:52.
2025-06-08 18:09:00,Emergency response review due to sudden jump at 2025-06-08 18:09.
2025-06-08 19:35:00,Maintenance  completed  on  pump  system  at  2025-06-08  19:35.
2025-06-09 04:30:00,Operator observed vibration fluctuations at 2025-06-09 04:30.
2025-06-09 12:42:00,Emergency response review due to sudden jump at 2025-06-09 12:42.
2025-06-09 17:29:00,Temperature  trend  rising  unusually  around  2025-06-09  17:29.
2025-06-10 00:20:00,Follow-up check: parameters stabilizing after earlier anomaly.
2025-06-10 19:07:00,Operator observed vibration fluctuations at 2025-06-10 19:07.
2025-06-10 19:30:00,Maintenance completed on pump system at 2025-06-10 19:30.
2025-06-11 06:55:00,"Pressure instability observed at 2025-06-11 06:55, checking valves."
2025-06-11 08:27:00,Drift detected across temperature readings around 2025-06-11 08:27.
2025-06-11 13:17:00,Noticed spike in pressure near time 2025-06-11 13:17.
2025-06-11 14:03:00,Routine inspection performed — all values nominal.
2025-06-12 01:04:00,Temperature trend rising unusually around 2025-06-12 01:04.
2025-06-12 01:33:00,Sensor irregularity suspected around 2025-06-12 01:33.
2025-06-12 16:38:00,Emergency response review due to sudden jump at 2025-06-12 16:38.
2025-06-12 16:49:00,"Pressure  instability  observed  at  2025-06-12  16:49,  checking  valves."
2025-06-13 00:23:00,Follow-up check: parameters stabilizing after earlier anomaly.
2025-06-13 00:41:00,Routine inspection performed — all values nominal.
2025-06-13 08:31:00,Maintenance completed on pump system at 2025-06-13 08:31.
2025-06-13 17:09:00,Noticed spike in pressure near time 2025-06-13 17:09.
2025-06-14 13:58:00,Sensor irregularity suspected around 2025-06-14 13:58.
2025-06-15 22:27:00,Follow-up check: parameters stabilizing after earlier anomaly.
2025-06-16 00:08:00,Temperature trend rising unusually around 2025-06-16 00:08.
2025-06-16 04:32:00,Drift detected across temperature readings around 2025-06-16 04:32.
2025-06-16 11:58:00,Sensor irregularity suspected around 2025-06-16 11:58.
2025-06-16 12:11:00,"Pressure instability observed at 2025-06-16 12:11, checking valves."
2025-06-16 20:38:00,Noticed spike in pressure near time 2025-06-16 20:38.
2025-06-18 03:37:00,Follow-up  check:  parameters  stabilizing  after  earlier  anomaly.
2025-06-18 05:52:00,Noticed  spike  in  pressure  near  time  2025-06-18  05:52.
2025-06-19 13:34:00,Emergency response review due to sudden jump at 2025-06-19 13:34.
2025-06-20 03:54:00,Routine inspection performed — all values nominal.
2025-06-20 04:56:00,Temperature trend rising unusually around 2025-06-20 04:56.
2025-06-20 11:20:00,Follow-up check: parameters stabilizing after earlier anomaly.
2025-06-21 00:06:00,Emergency response review due to sudden jump at 2025-06-21 00:06.
2025-06-21 07:48:00,Operator observed vibration fluctuations at 2025-06-21 07:48.
2025-06-21 18:02:00,Routine  inspection  performed  —  all  values  nominal.
2025-06-22 23:13:00,Noticed spike in pressure near time 2025-06-22 23:13.
2025-06-23 02:55:00,Follow-up check: parameters stabilizing after earlier anomaly.
2025-06-23 12:34:00,Follow-up check: parameters stabilizing after earlier anomaly.
2025-06-23 12:44:00,Routine  inspection  performed  —  all  values  nominal.
2025-06-24 02:46:00,Routine inspection performed — all values nominal.
2025-06-24 14:47:00,Operator observed vibration fluctuations at 2025-06-24 14:47. !!!
2025-06-24 23:05:00,"Pressure  instability  observed  at  2025-06-24  23:05,  checking  valves."
2025-06-25 14:04:00,Operator  observed  vibration  fluctuations  at  2025-06-25  14:04.
2025-06-26 03:09:00,Emergency response review due to sudden jump at 2025-06-26 03:09.
2025-06-26 18:55:00,Operator observed vibration fluctuations at 2025-06-26 18:55.
2025-06-27 11:02:00,Operator observed vibration fluctuations at 2025-06-27 11:02.
2025-06-28 21:47:00,"Pressure instability observed at 2025-06-28 21:47, checking valves."
2025-06-29 01:48:00,Temperature trend rising unusually around 2025-06-29 01:48.
2025-06-29 01:52:00,Operator observed vibration fluctuations at 2025-06-29 01:52.
2025-06-29 04:35:00,Sensor irregularity suspected around 2025-06-29 04:35.
2025-06-29 15:18:00,Noticed spike in pressure near time 2025-06-29 15:18.
2025-06-29 16:50:00,Emergency response review due to sudden jump at 2025-06-29 16:50.
2025-06-29 21:36:00,Follow-up check: parameters stabilizing after earlier anomaly.
2025-06-30 00:37:00,Follow-up check: parameters stabilizing after earlier anomaly.
2025-06-30 00:55:00,Maintenance completed on pump system at 2025-06-30 00:55.
2025-06-30 12:52:00,Operator  observed  vibration  fluctuations  at  2025-06-30  12:52.
